Home Team,Away Team,Score,Half Time Score,Match Excitement,Home Team Rating,Away Team Rating,Home Team Possession %,Away Team Possession %,Home Team Off Target Shots,Home Team On Target Shots,Home Team Total Shots,Home Team Blocked Shots,Home Team Corners,Home Team Throw Ins,Home Team Pass Success %,Home Team Aerials Won,Home Team Clearances,Home Team Fouls,Home Team Yellow Cards,Home Team Second Yellow Cards,Home Team Red Cards,Away Team Off Target Shots,Away Team On Target Shots,Away Team Total Shots,Away Team Blocked Shots,Away Team Corners,Away Team Throw Ins,Away Team Pass Success %,Away Team Aerials Won,Away Team Clearances,Away Team Fouls,Away Team Yellow Cards,Away Team Second Yellow Cards,Away Team Red Cards
MÁLAGA,OSASUNA,1-1,0-0,4.3,7.1,6.3,55,45,6.0,4.0,13.0,3.0,5.0,35.0,71.0,24.0,11.0,11.0,2.0,0.0,0.0,2.0,3.0,8.0,3.0,3.0,29.0,67.0,21.0,23.0,23.0,3.0,0.0,0.0
DEPORTIVO,EIBAR,2-1,0-0,6.4,7.2,5.2,50,50,5.0,6.0,11.0,0.0,1.0,33.0,76.0,14.0,26.0,14.0,3.0,0.0,0.0,3.0,6.0,13.0,4.0,8.0,16.0,74.0,8.0,17.0,18.0,3.0,0.0,0.0
BARCELONA,REAL BETIS,6-2,3-1,8.7,8.8,4.0,73,27,6.0,12.0,30.0,12.0,10.0,16.0,89.0,8.0,8.0,17.0,1.0,0.0,0.0,3.0,2.0,6.0,1.0,2.0,11.0,71.0,9.0,28.0,13.0,3.0,0.0,0.0
GRANADA,VILLARREAL,1-1,0-0,4.2,6.3,6.6,68,32,6.0,1.0,7.0,0.0,7.0,26.0,84.0,11.0,12.0,17.0,2.0,0.0,0.0,5.0,3.0,12.0,4.0,3.0,33.0,65.0,8.0,23.0,11.0,3.0,0.0,0.0
SEVILLA FC,ESPANYOL,6-4,3-3,9.8,7.4,5.7,74,26,2.0,11.0,16.0,3.0,8.0,26.0,84.0,17.0,11.0,8.0,2.0,0.0,0.0,1.0,7.0,10.0,2.0,2.0,22.0,68.0,5.0,26.0,15.0,2.0,0.0,0.0
GIJÓN,ATHLETIC,2-1,0-0,6.4,6.7,4.9,38,62,7.0,4.0,12.0,1.0,2.0,18.0,57.0,14.0,36.0,18.0,3.0,0.0,0.0,7.0,4.0,13.0,2.0,5.0,32.0,72.0,26.0,9.0,15.0,3.0,0.0,0.0
REAL SOCIEDAD,REAL MADRID,0-3,0-2,5.8,4.8,8.3,45,55,4.0,0.0,8.0,4.0,4.0,28.0,78.0,10.0,18.0,22.0,2.0,0.0,0.0,7.0,8.0,18.0,3.0,7.0,28.0,82.0,11.0,12.0,11.0,3.0,0.0,0.0
ATLETICO MADRID,ALAVÉS,1-1,0-0,6.3,7.2,5.7,62,38,13.0,6.0,27.0,8.0,20.0,24.0,84.0,24.0,9.0,7.0,0.0,0.0,0.0,1.0,1.0,2.0,0.0,2.0,11.0,66.0,21.0,34.0,15.0,4.0,0.0,0.0
CELTA,LEGANÉS,0-1,0-0,4.1,6.1,7.3,64,36,4.0,2.0,10.0,4.0,8.0,23.0,82.0,14.0,7.0,5.0,4.0,0.0,0.0,5.0,6.0,15.0,4.0,4.0,20.0,70.0,22.0,26.0,13.0,1.0,0.0,1.0
VALENCIA,LAS PALMAS,2-4,2-3,8.9,5.5,7.9,58,42,7.0,8.0,17.0,2.0,12.0,17.0,87.0,10.0,2.0,15.0,2.0,0.0,0.0,1.0,4.0,6.0,1.0,1.0,13.0,80.0,9.0,36.0,18.0,2.0,0.0,0.0
REAL BETIS,DEPORTIVO,0-0,0-0,2.7,6.6,6.3,57,43,6.0,5.0,15.0,4.0,13.0,25.0,80.0,14.0,11.0,20.0,0.0,0.0,0.0,9.0,1.0,12.0,2.0,2.0,21.0,75.0,8.0,31.0,15.0,2.0,0.0,0.0
ESPANYOL,MÁLAGA,2-2,1-0,6.8,5.9,6.8,50,50,4.0,2.0,7.0,1.0,3.0,28.0,74.0,17.0,25.0,20.0,2.0,0.0,0.0,4.0,3.0,9.0,2.0,4.0,27.0,73.0,20.0,16.0,17.0,4.0,0.0,0.0
OSASUNA,REAL SOCIEDAD,0-2,0-1,3.9,5.6,6.9,45,55,5.0,3.0,9.0,1.0,10.0,33.0,68.0,27.0,17.0,14.0,2.0,0.0,0.0,1.0,4.0,5.0,0.0,1.0,32.0,72.0,25.0,26.0,14.0,1.0,0.0,0.0
EIBAR,VALENCIA,1-0,0-0,4.1,6.3,5.8,39,61,4.0,6.0,14.0,4.0,6.0,23.0,68.0,12.0,20.0,13.0,2.0,0.0,0.0,8.0,3.0,14.0,3.0,10.0,28.0,77.0,16.0,25.0,11.0,2.0,0.0,0.0
REAL MADRID,CELTA,2-1,0-0,7.4,7.7,5.1,53,47,11.0,10.0,24.0,3.0,7.0,21.0,87.0,17.0,17.0,8.0,0.0,0.0,0.0,3.0,3.0,8.0,2.0,2.0,21.0,79.0,7.0,19.0,11.0,2.0,0.0,0.0
LEGANÉS,ATLETICO MADRID,0-0,0-0,2.0,6.1,6.9,36,64,2.0,1.0,6.0,3.0,1.0,21.0,61.0,21.0,21.0,19.0,3.0,0.0,0.0,4.0,3.0,10.0,3.0,8.0,30.0,75.0,26.0,13.0,5.0,1.0,0.0,0.0
LAS PALMAS,GRANADA,5-1,1-1,6.6,8.9,4.0,54,46,4.0,10.0,15.0,1.0,6.0,31.0,82.0,14.0,15.0,8.0,5.0,0.0,0.0,5.0,2.0,13.0,6.0,4.0,24.0,80.0,8.0,14.0,16.0,1.0,0.0,0.0
ALAVÉS,GIJÓN,0-0,0-0,2.3,6.4,6.9,51,49,7.0,2.0,13.0,4.0,4.0,24.0,83.0,18.0,23.0,10.0,1.0,0.0,0.0,5.0,1.0,7.0,1.0,6.0,27.0,79.0,14.0,23.0,12.0,1.0,0.0,0.0
ATHLETIC,BARCELONA,0-1,0-1,3.3,6.1,6.4,37,63,4.0,4.0,9.0,1.0,4.0,18.0,77.0,8.0,10.0,20.0,5.0,0.0,0.0,8.0,3.0,12.0,1.0,4.0,20.0,85.0,7.0,25.0,13.0,4.0,0.0,0.0
VILLARREAL,SEVILLA FC,0-0,0-0,2.5,7.1,6.0,38,62,5.0,5.0,12.0,2.0,5.0,18.0,72.0,9.0,17.0,16.0,1.0,0.0,0.0,5.0,0.0,6.0,1.0,1.0,26.0,83.0,9.0,12.0,12.0,3.0,0.0,0.0
REAL SOCIEDAD,ESPANYOL,1-1,0-0,3.8,7.0,6.3,65,35,4.0,3.0,9.0,2.0,11.0,32.0,81.0,20.0,13.0,10.0,2.0,0.0,0.0,3.0,1.0,4.0,0.0,1.0,24.0,67.0,10.0,42.0,10.0,3.0,1.0,0.0
CELTA,ATLETICO MADRID,0-4,0-0,5.7,4.9,8.6,58,42,5.0,1.0,9.0,3.0,6.0,17.0,79.0,15.0,7.0,13.0,1.0,0.0,0.0,6.0,6.0,14.0,2.0,4.0,30.0,73.0,13.0,22.0,12.0,2.0,0.0,0.0
REAL MADRID,OSASUNA,5-2,3-0,9.6,8.1,4.1,61,39,12.0,11.0,25.0,2.0,6.0,18.0,88.0,16.0,18.0,14.0,2.0,0.0,0.0,5.0,3.0,10.0,2.0,7.0,22.0,75.0,9.0,22.0,14.0,3.0,1.0,0.0
MÁLAGA,VILLARREAL,0-2,0-2,4.5,5.9,7.0,51,49,7.0,2.0,16.0,7.0,9.0,30.0,71.0,22.0,13.0,8.0,2.0,0.0,0.0,3.0,6.0,12.0,3.0,7.0,31.0,74.0,16.0,37.0,14.0,1.0,0.0,0.0
SEVILLA FC,LAS PALMAS,2-1,0-1,6.8,6.6,5.2,66,34,5.0,7.0,15.0,3.0,10.0,19.0,86.0,16.0,3.0,15.0,3.0,0.0,0.0,1.0,4.0,7.0,2.0,1.0,15.0,78.0,10.0,19.0,13.0,5.0,1.0,0.0
BARCELONA,ALAVÉS,1-2,0-1,5.4,6.2,6.9,75,25,12.0,2.0,16.0,2.0,13.0,19.0,90.0,9.0,4.0,12.0,1.0,0.0,0.0,1.0,4.0,5.0,0.0,0.0,14.0,66.0,12.0,30.0,12.0,1.0,0.0,0.0
GIJÓN,LEGANÉS,2-1,2-0,5.0,7.5,5.1,55,45,3.0,4.0,7.0,0.0,3.0,19.0,78.0,15.0,21.0,12.0,0.0,0.0,0.0,6.0,2.0,9.0,1.0,5.0,24.0,76.0,32.0,18.0,16.0,2.0,0.0,0.0
VALENCIA,REAL BETIS,2-3,0-1,9.5,6.3,6.6,55,45,10.0,10.0,24.0,4.0,5.0,13.0,85.0,8.0,17.0,15.0,2.0,0.0,1.0,4.0,5.0,12.0,3.0,5.0,17.0,80.0,6.0,14.0,21.0,4.0,0.0,0.0
GRANADA,EIBAR,1-2,0-1,6.9,5.4,6.8,70,30,8.0,5.0,16.0,3.0,6.0,28.0,84.0,15.0,24.0,7.0,2.0,0.0,0.0,1.0,8.0,10.0,1.0,7.0,20.0,57.0,15.0,27.0,8.0,0.0,0.0,1.0
DEPORTIVO,ATHLETIC,0-1,0-1,3.2,6.2,6.3,60,40,6.0,3.0,16.0,7.0,7.0,26.0,83.0,13.0,16.0,15.0,2.0,0.0,0.0,3.0,2.0,7.0,2.0,6.0,26.0,69.0,27.0,24.0,15.0,3.0,0.0,0.0
REAL BETIS,GRANADA,2-2,1-2,9.3,5.7,5.8,64,36,8.0,7.0,23.0,8.0,7.0,24.0,83.0,14.0,5.0,13.0,5.0,1.0,0.0,5.0,8.0,15.0,2.0,3.0,17.0,70.0,7.0,19.0,17.0,4.0,1.0,0.0
LEGANÉS,BARCELONA,1-5,0-3,6.5,4.7,8.1,37,63,7.0,6.0,15.0,2.0,2.0,16.0,75.0,7.0,10.0,28.0,4.0,0.0,0.0,2.0,7.0,10.0,1.0,5.0,12.0,85.0,8.0,13.0,7.0,2.0,0.0,0.0
ATLETICO MADRID,GIJÓN,5-0,3-0,6.0,9.2,4.3,54,46,8.0,7.0,18.0,3.0,1.0,18.0,84.0,10.0,18.0,14.0,0.0,0.0,0.0,2.0,1.0,10.0,7.0,4.0,22.0,80.0,11.0,16.0,9.0,2.0,0.0,0.0
EIBAR,SEVILLA FC,1-1,0-1,4.2,5.5,7.0,45,55,4.0,2.0,10.0,4.0,4.0,31.0,71.0,10.0,10.0,19.0,1.0,0.0,2.0,4.0,4.0,8.0,0.0,2.0,23.0,77.0,3.0,27.0,10.0,1.0,0.0,0.0
LAS PALMAS,MÁLAGA,1-0,1-0,2.8,6.9,6.1,65,35,4.0,2.0,6.0,0.0,2.0,17.0,86.0,15.0,21.0,11.0,3.0,0.0,0.0,5.0,2.0,10.0,3.0,2.0,24.0,70.0,11.0,3.0,18.0,1.0,0.0,0.0
OSASUNA,CELTA,0-0,0-0,2.9,5.9,7.6,39,61,4.0,1.0,8.0,3.0,3.0,28.0,63.0,7.0,15.0,18.0,4.0,0.0,0.0,6.0,5.0,13.0,2.0,5.0,26.0,80.0,19.0,19.0,14.0,1.0,0.0,0.0
ATHLETIC,VALENCIA,2-1,2-1,5.4,7.0,6.0,46,54,5.0,4.0,13.0,4.0,7.0,28.0,71.0,21.0,16.0,20.0,4.0,0.0,0.0,5.0,2.0,10.0,3.0,1.0,29.0,77.0,15.0,20.0,20.0,4.0,0.0,0.0
VILLARREAL,REAL SOCIEDAD,2-1,2-1,5.5,6.6,5.5,40,60,4.0,4.0,9.0,1.0,3.0,13.0,77.0,8.0,24.0,13.0,2.0,0.0,0.0,5.0,2.0,15.0,8.0,6.0,23.0,83.0,15.0,10.0,16.0,4.0,1.0,0.0
ESPANYOL,REAL MADRID,0-2,0-1,4.7,5.4,7.7,40,60,5.0,2.0,11.0,4.0,4.0,18.0,84.0,7.0,13.0,19.0,4.0,0.0,0.0,2.0,7.0,13.0,4.0,5.0,20.0,90.0,8.0,13.0,8.0,2.0,0.0,0.0
ALAVÉS,DEPORTIVO,0-0,0-0,2.9,5.9,6.8,53,47,6.0,1.0,9.0,2.0,4.0,25.0,83.0,14.0,14.0,16.0,3.0,0.0,0.0,10.0,1.0,16.0,5.0,5.0,18.0,81.0,17.0,18.0,8.0,4.0,0.0,0.0
MÁLAGA,EIBAR,2-1,1-1,5.7,7.6,5.1,54,46,6.0,6.0,14.0,2.0,7.0,37.0,78.0,23.0,14.0,7.0,2.0,0.0,0.0,6.0,3.0,12.0,3.0,5.0,26.0,67.0,19.0,27.0,13.0,4.0,0.0,0.0
SEVILLA FC,REAL BETIS,1-0,0-0,2.9,6.8,5.9,56,44,6.0,3.0,12.0,3.0,6.0,25.0,78.0,14.0,15.0,24.0,5.0,0.0,0.0,3.0,2.0,8.0,3.0,2.0,21.0,69.0,19.0,18.0,17.0,4.0,0.0,0.0
REAL MADRID,VILLARREAL,1-1,0-1,5.4,6.5,6.3,59,41,7.0,6.0,23.0,10.0,17.0,25.0,89.0,22.0,1.0,9.0,4.0,0.0,0.0,3.0,3.0,8.0,2.0,3.0,13.0,82.0,5.0,32.0,9.0,1.0,0.0,0.0
CELTA,GIJÓN,2-1,0-0,5.3,6.4,5.1,68,32,7.0,5.0,15.0,3.0,8.0,36.0,77.0,20.0,8.0,16.0,2.0,0.0,0.0,3.0,1.0,4.0,0.0,0.0,22.0,51.0,24.0,27.0,8.0,3.0,0.0,0.0
BARCELONA,ATLETICO MADRID,1-1,1-0,5.1,6.9,6.7,70,30,4.0,7.0,19.0,8.0,8.0,31.0,90.0,8.0,4.0,14.0,2.0,0.0,0.0,5.0,4.0,9.0,6.0,2.0,11.0,78.0,14.0,26.0,17.0,4.0,0.0,0.0
REAL SOCIEDAD,LAS PALMAS,4-1,3-0,6.1,7.7,4.5,59,41,7.0,7.0,17.0,3.0,7.0,14.0,89.0,11.0,9.0,3.0,1.0,0.0,0.0,3.0,3.0,8.0,2.0,4.0,23.0,82.0,7.0,22.0,7.0,2.0,0.0,1.0
GRANADA,ATHLETIC,1-2,1-1,5.8,5.6,7.6,57,43,5.0,2.0,13.0,6.0,6.0,36.0,79.0,9.0,16.0,8.0,1.0,0.0,0.0,3.0,7.0,12.0,2.0,3.0,33.0,68.0,20.0,23.0,9.0,0.0,0.0,0.0
OSASUNA,ESPANYOL,1-2,0-1,6.5,6.3,6.3,51,49,4.0,12.0,18.0,2.0,7.0,28.0,71.0,19.0,8.0,16.0,2.0,0.0,0.0,8.0,2.0,10.0,0.0,1.0,28.0,70.0,11.0,12.0,15.0,1.0,0.0,0.0
DEPORTIVO,LEGANÉS,1-2,1-0,5.4,6.2,6.6,54,46,6.0,5.0,12.0,1.0,7.0,23.0,75.0,17.0,7.0,20.0,0.0,0.0,0.0,5.0,2.0,8.0,1.0,1.0,16.0,72.0,27.0,29.0,18.0,3.0,0.0,0.0
VALENCIA,ALAVÉS,2-1,1-1,5.6,7.1,5.9,49,51,6.0,2.0,12.0,4.0,6.0,26.0,82.0,12.0,16.0,14.0,2.0,0.0,0.0,5.0,1.0,8.0,2.0,4.0,23.0,80.0,12.0,25.0,13.0,3.0,0.0,0.0
REAL BETIS,MÁLAGA,1-0,1-0,4.1,6.6,6.0,50,50,5.0,4.0,11.0,2.0,6.0,24.0,74.0,11.0,19.0,20.0,4.0,0.0,0.0,7.0,6.0,16.0,3.0,5.0,29.0,70.0,15.0,13.0,15.0,6.0,0.0,0.0
EIBAR,REAL SOCIEDAD,2-0,0-0,3.8,6.1,4.7,54,46,10.0,3.0,17.0,4.0,5.0,29.0,73.0,15.0,23.0,15.0,4.0,0.0,0.0,2.0,0.0,3.0,1.0,3.0,27.0,62.0,27.0,24.0,13.0,2.0,0.0,1.0
GIJÓN,BARCELONA,0-5,0-2,6.8,4.6,8.7,39,61,2.0,3.0,10.0,5.0,4.0,24.0,74.0,9.0,9.0,15.0,2.0,1.0,0.0,5.0,7.0,13.0,1.0,3.0,16.0,86.0,12.0,9.0,10.0,0.0,0.0,0.0
ATHLETIC,SEVILLA FC,3-1,1-0,6.3,7.1,4.9,35,65,5.0,7.0,14.0,2.0,4.0,23.0,67.0,13.0,16.0,9.0,2.0,0.0,0.0,1.0,2.0,5.0,2.0,5.0,36.0,84.0,10.0,12.0,9.0,2.0,0.0,1.0
LAS PALMAS,REAL MADRID,2-2,1-1,9.1,6.7,6.5,55,45,2.0,6.0,8.0,7.0,0.0,16.0,86.0,8.0,20.0,7.0,3.0,0.0,0.0,9.0,11.0,27.0,7.0,5.0,27.0,85.0,8.0,5.0,19.0,2.0,0.0,0.0
LEGANÉS,VALENCIA,1-2,1-1,5.4,5.3,6.6,52,48,3.0,3.0,7.0,1.0,1.0,27.0,72.0,24.0,10.0,19.0,4.0,0.0,0.0,3.0,4.0,10.0,3.0,5.0,22.0,73.0,19.0,16.0,17.0,4.0,0.0,0.0
ATLETICO MADRID,DEPORTIVO,1-0,0-0,6.0,6.7,5.8,67,33,10.0,5.0,21.0,6.0,10.0,16.0,88.0,11.0,12.0,13.0,1.0,0.0,0.0,5.0,1.0,8.0,2.0,32.0,21.0,71.0,6.0,32.0,19.0,3.0,1.0,0.0
VILLARREAL,OSASUNA,3-1,3-1,5.7,7.2,5.2,60,40,6.0,4.0,12.0,2.0,5.0,18.0,86.0,8.0,20.0,7.0,0.0,0.0,0.0,6.0,3.0,11.0,2.0,5.0,22.0,77.0,17.0,11.0,16.0,2.0,0.0,0.0
ESPANYOL,CELTA,0-2,0-0,4.8,5.5,7.4,43,57,4.0,2.0,10.0,4.0,4.0,22.0,73.0,21.0,10.0,15.0,2.0,0.0,0.0,4.0,4.0,12.0,4.0,7.0,9.0,81.0,21.0,19.0,13.0,3.0,0.0,0.0
ALAVÉS,GRANADA,3-1,0-0,6.6,6.8,5.7,43,57,6.0,6.0,16.0,4.0,5.0,28.0,67.0,23.0,18.0,15.0,3.0,0.0,0.0,7.0,3.0,13.0,3.0,6.0,23.0,76.0,14.0,12.0,19.0,3.0,0.0,0.0
REAL SOCIEDAD,REAL BETIS,1-0,0-0,3.4,7.0,5.8,61,39,4.0,8.0,16.0,4.0,4.0,26.0,80.0,15.0,13.0,17.0,2.0,0.0,0.0,3.0,2.0,5.0,0.0,2.0,21.0,69.0,14.0,21.0,22.0,3.0,0.0,0.0
GRANADA,LEGANÉS,0-1,0-0,2.6,5.3,6.9,42,58,4.0,1.0,8.0,3.0,6.0,21.0,54.0,28.0,7.0,13.0,1.0,0.0,0.0,3.0,3.0,7.0,1.0,4.0,27.0,70.0,19.0,26.0,20.0,0.0,0.0,0.0
SEVILLA FC,ALAVÉS,2-1,0-0,7.0,8.0,4.7,75,25,7.0,12.0,20.0,1.0,9.0,28.0,89.0,16.0,11.0,10.0,2.0,0.0,0.0,4.0,1.0,7.0,2.0,2.0,18.0,64.0,12.0,33.0,13.0,6.0,0.0,0.0
OSASUNA,LAS PALMAS,2-2,2-0,8.0,5.7,7.1,21,79,1.0,3.0,5.0,1.0,1.0,15.0,60.0,16.0,42.0,17.0,3.0,0.0,0.0,8.0,5.0,17.0,4.0,12.0,28.0,89.0,12.0,4.0,7.0,4.0,0.0,0.0
DEPORTIVO,GIJÓN,2-1,1-0,5.8,7.2,5.6,58,42,8.0,6.0,21.0,7.0,11.0,31.0,76.0,26.0,14.0,17.0,0.0,0.0,0.0,2.0,2.0,7.0,3.0,4.0,17.0,66.0,19.0,25.0,26.0,4.0,0.0,0.0
VALENCIA,ATLETICO MADRID,0-2,0-0,6.4,5.2,6.8,41,59,4.0,5.0,14.0,5.0,6.0,25.0,78.0,12.0,22.0,10.0,1.0,0.0,0.0,5.0,10.0,18.0,3.0,5.0,28.0,83.0,14.0,18.0,15.0,3.0,0.0,0.0
REAL MADRID,EIBAR,1-1,1-1,5.0,6.2,6.9,65,35,8.0,3.0,15.0,4.0,7.0,28.0,87.0,17.0,16.0,8.0,4.0,0.0,0.0,3.0,4.0,8.0,1.0,5.0,18.0,75.0,11.0,22.0,15.0,5.0,0.0,0.0
MÁLAGA,ATHLETIC,2-1,0-1,5.8,6.9,4.9,60,40,9.0,3.0,15.0,3.0,7.0,17.0,78.0,19.0,7.0,19.0,8.0,1.0,0.0,4.0,1.0,7.0,2.0,2.0,20.0,62.0,30.0,24.0,11.0,3.0,0.0,1.0
ESPANYOL,VILLARREAL,0-0,0-0,1.7,6.5,6.6,41,59,4.0,1.0,8.0,3.0,3.0,17.0,78.0,16.0,7.0,13.0,2.0,0.0,0.0,4.0,1.0,5.0,1.0,1.0,20.0,87.0,11.0,8.0,9.0,2.0,0.0,0.0
CELTA,BARCELONA,4-3,3-0,10.0,7.1,5.2,35,65,4.0,9.0,14.0,1.0,3.0,11.0,67.0,12.0,28.0,16.0,1.0,0.0,0.0,5.0,4.0,13.0,4.0,6.0,32.0,81.0,15.0,9.0,11.0,3.0,0.0,0.0
LAS PALMAS,ESPANYOL,0-0,0-0,2.9,7.6,5.8,67,33,4.0,8.0,13.0,1.0,8.0,16.0,89.0,8.0,17.0,13.0,2.0,0.0,0.0,3.0,2.0,5.0,0.0,4.0,21.0,74.0,15.0,19.0,21.0,3.0,0.0,0.0
LEGANÉS,SEVILLA FC,2-3,0-1,7.8,6.0,6.6,41,59,6.0,6.0,19.0,7.0,5.0,24.0,75.0,16.0,9.0,17.0,2.0,0.0,0.0,0.0,4.0,5.0,1.0,2.0,20.0,79.0,12.0,22.0,20.0,5.0,0.0,0.0
BARCELONA,DEPORTIVO,4-0,3-0,6.3,8.2,4.6,71,29,12.0,8.0,25.0,5.0,8.0,14.0,88.0,4.0,6.0,5.0,1.0,0.0,0.0,4.0,0.0,7.0,3.0,2.0,18.0,75.0,6.0,19.0,15.0,2.0,0.0,1.0
ATLETICO MADRID,GRANADA,7-1,2-1,7.4,9.2,4.1,66,34,3.0,11.0,17.0,3.0,11.0,36.0,87.0,7.0,9.0,14.0,1.0,0.0,0.0,5.0,2.0,9.0,2.0,3.0,14.0,76.0,11.0,35.0,7.0,1.0,0.0,0.0
REAL BETIS,REAL MADRID,1-6,0-4,7.0,4.1,9.0,48,52,6.0,2.0,13.0,5.0,2.0,15.0,87.0,4.0,12.0,14.0,3.0,0.0,0.0,9.0,9.0,22.0,4.0,5.0,15.0,88.0,6.0,10.0,8.0,1.0,0.0,0.0
ALAVÉS,MÁLAGA,1-1,1-0,5.4,6.1,7.0,45,55,3.0,4.0,8.0,1.0,6.0,21.0,75.0,27.0,26.0,14.0,3.0,0.0,1.0,2.0,5.0,12.0,5.0,6.0,23.0,79.0,14.0,11.0,14.0,3.0,1.0,0.0
ATHLETIC,REAL SOCIEDAD,3-2,0-1,8.0,7.1,5.1,47,53,3.0,11.0,15.0,1.0,7.0,18.0,71.0,25.0,14.0,17.0,3.0,0.0,0.0,1.0,3.0,6.0,2.0,4.0,13.0,72.0,13.0,24.0,19.0,3.0,0.0,0.0
GIJÓN,VALENCIA,1-2,1-1,4.8,6.0,6.7,49,51,3.0,2.0,10.0,5.0,4.0,30.0,74.0,18.0,12.0,21.0,5.0,0.0,0.0,3.0,3.0,7.0,1.0,4.0,18.0,81.0,17.0,32.0,11.0,1.0,0.0,0.0
VILLARREAL,CELTA,5-0,3-0,5.9,9.0,3.8,45,55,4.0,5.0,11.0,2.0,3.0,18.0,83.0,10.0,10.0,19.0,1.0,0.0,0.0,3.0,1.0,4.0,0.0,5.0,22.0,84.0,10.0,8.0,12.0,5.0,1.0,0.0
EIBAR,OSASUNA,2-3,2-2,7.1,5.7,6.7,64,36,4.0,5.0,13.0,4.0,5.0,35.0,76.0,21.0,19.0,15.0,1.0,0.0,0.0,4.0,4.0,8.0,0.0,0.0,24.0,53.0,15.0,35.0,12.0,2.0,0.0,0.0
OSASUNA,REAL BETIS,1-2,0-1,6.4,5.4,7.0,42,58,6.0,5.0,13.0,2.0,6.0,30.0,64.0,29.0,10.0,20.0,3.0,0.0,1.0,5.0,6.0,12.0,1.0,4.0,24.0,73.0,19.0,23.0,12.0,2.0,0.0,0.0
ESPANYOL,EIBAR,3-3,0-3,8.5,6.1,6.1,52,48,5.0,5.0,11.0,1.0,7.0,20.0,75.0,13.0,23.0,11.0,2.0,1.0,0.0,5.0,3.0,8.0,0.0,6.0,21.0,70.0,17.0,27.0,13.0,6.0,0.0,0.0
VALENCIA,BARCELONA,2-3,0-1,8.3,5.7,6.9,30,70,1.0,4.0,7.0,2.0,3.0,17.0,70.0,10.0,18.0,15.0,5.0,0.0,0.0,6.0,8.0,15.0,1.0,1.0,27.0,87.0,5.0,10.0,13.0,4.0,0.0,0.0
REAL SOCIEDAD,ALAVÉS,3-0,1-0,5.4,7.3,5.5,60,40,5.0,5.0,16.0,6.0,4.0,28.0,83.0,20.0,15.0,17.0,3.0,0.0,0.0,5.0,3.0,10.0,2.0,2.0,18.0,73.0,14.0,24.0,20.0,5.0,0.0,0.0
GRANADA,GIJÓN,0-0,0-0,1.9,5.5,7.0,49,51,8.0,1.0,12.0,3.0,3.0,32.0,71.0,21.0,12.0,10.0,4.0,0.0,0.0,0.0,3.0,3.0,0.0,3.0,27.0,70.0,21.0,22.0,12.0,1.0,0.0,0.0
CELTA,DEPORTIVO,4-1,1-1,5.5,7.5,4.5,55,45,0.0,7.0,9.0,2.0,5.0,23.0,75.0,14.0,21.0,17.0,3.0,0.0,0.0,4.0,1.0,11.0,6.0,4.0,23.0,70.0,11.0,13.0,15.0,5.0,0.0,0.0
SEVILLA FC,ATLETICO MADRID,1-0,0-0,4.0,7.1,5.8,59,41,5.0,5.0,12.0,2.0,4.0,20.0,81.0,16.0,15.0,15.0,4.0,0.0,0.0,3.0,3.0,9.0,3.0,5.0,26.0,74.0,14.0,23.0,11.0,3.0,1.0,0.0
MÁLAGA,LEGANÉS,4-0,2-0,7.1,8.7,3.9,48,52,10.0,8.0,24.0,6.0,5.0,15.0,74.0,19.0,14.0,12.0,1.0,0.0,0.0,6.0,5.0,13.0,2.0,8.0,20.0,76.0,19.0,14.0,15.0,3.0,0.0,0.0
VILLARREAL,LAS PALMAS,2-1,0-1,5.9,6.3,5.6,45,55,6.0,4.0,14.0,4.0,2.0,23.0,80.0,9.0,6.0,17.0,2.0,0.0,0.0,3.0,4.0,8.0,1.0,1.0,17.0,84.0,15.0,19.0,12.0,3.0,0.0,0.0
REAL MADRID,ATHLETIC,2-1,1-1,6.4,7.2,5.4,66,34,12.0,8.0,24.0,4.0,6.0,27.0,89.0,12.0,19.0,10.0,2.0,0.0,0.0,6.0,3.0,10.0,1.0,4.0,13.0,71.0,8.0,21.0,17.0,3.0,0.0,0.0
LEGANÉS,REAL SOCIEDAD,0-2,0-1,4.1,5.3,6.9,40,60,2.0,4.0,7.0,1.0,1.0,26.0,69.0,7.0,16.0,19.0,5.0,0.0,0.0,4.0,5.0,9.0,0.0,4.0,24.0,77.0,26.0,10.0,15.0,2.0,0.0,0.0
GIJÓN,SEVILLA FC,1-1,1-1,5.6,6.3,6.0,37,63,3.0,5.0,9.0,1.0,3.0,12.0,68.0,13.0,23.0,17.0,6.0,0.0,0.0,11.0,6.0,20.0,3.0,4.0,19.0,83.0,14.0,7.0,9.0,2.0,0.0,0.0
ALAVÉS,REAL MADRID,1-4,1-2,6.6,4.5,7.6,41,59,4.0,3.0,8.0,1.0,4.0,17.0,83.0,12.0,20.0,15.0,5.0,0.0,0.0,7.0,5.0,15.0,3.0,3.0,30.0,86.0,12.0,15.0,6.0,1.0,0.0,0.0
ATLETICO MADRID,MÁLAGA,4-2,3-1,8.4,6.6,5.4,55,45,6.0,7.0,16.0,3.0,6.0,36.0,82.0,9.0,12.0,10.0,3.0,1.0,0.0,2.0,3.0,6.0,1.0,2.0,21.0,78.0,7.0,16.0,10.0,5.0,1.0,0.0
BARCELONA,GRANADA,1-0,0-0,3.4,6.7,6.0,72,28,7.0,5.0,15.0,3.0,8.0,28.0,89.0,12.0,2.0,7.0,1.0,0.0,0.0,0.0,0.0,1.0,1.0,1.0,14.0,71.0,3.0,22.0,17.0,4.0,0.0,0.0
EIBAR,VILLARREAL,2-1,0-1,6.1,7.2,5.3,48,52,4.0,9.0,13.0,0.0,3.0,23.0,72.0,17.0,23.0,16.0,2.0,0.0,0.0,1.0,1.0,6.0,4.0,7.0,33.0,74.0,10.0,21.0,16.0,3.0,0.0,0.0
ATHLETIC,OSASUNA,1-1,1-1,4.2,6.1,6.5,70,30,8.0,4.0,18.0,6.0,9.0,43.0,82.0,29.0,9.0,10.0,2.0,0.0,0.0,3.0,3.0,7.0,1.0,2.0,16.0,57.0,15.0,46.0,11.0,1.0,0.0,0.0
REAL BETIS,ESPANYOL,0-1,0-0,4.0,5.7,6.7,61,39,6.0,5.0,13.0,2.0,8.0,25.0,80.0,16.0,10.0,15.0,3.0,0.0,0.0,3.0,5.0,10.0,2.0,3.0,16.0,72.0,23.0,31.0,15.0,3.0,0.0,0.0
LAS PALMAS,CELTA,3-3,0-3,9.8,6.8,5.6,76,24,3.0,8.0,17.0,6.0,8.0,12.0,88.0,5.0,8.0,13.0,2.0,0.0,0.0,3.0,6.0,9.0,0.0,1.0,10.0,64.0,5.0,24.0,22.0,7.0,1.0,0.0
DEPORTIVO,VALENCIA,1-1,1-0,4.6,7.3,6.0,39,61,7.0,4.0,16.0,5.0,5.0,19.0,72.0,13.0,16.0,14.0,1.0,0.0,0.0,4.0,3.0,10.0,3.0,6.0,24.0,83.0,17.0,18.0,21.0,5.0,0.0,0.0
MÁLAGA,GIJÓN,3-2,1-1,7.7,6.9,5.1,62,38,8.0,7.0,22.0,7.0,9.0,21.0,76.0,18.0,13.0,12.0,5.0,0.0,0.0,2.0,4.0,7.0,1.0,2.0,27.0,55.0,19.0,39.0,20.0,5.0,1.0,0.0
GRANADA,DEPORTIVO,1-1,0-0,5.3,6.2,7.2,59,41,7.0,5.0,14.0,2.0,7.0,25.0,80.0,22.0,11.0,11.0,1.0,0.0,0.0,5.0,5.0,13.0,3.0,6.0,27.0,65.0,26.0,25.0,7.0,2.0,0.0,0.0
REAL SOCIEDAD,ATLETICO MADRID,2-0,0-0,4.3,7.3,5.3,59,41,6.0,3.0,12.0,3.0,6.0,20.0,83.0,15.0,20.0,18.0,2.0,0.0,0.0,6.0,2.0,8.0,0.0,6.0,18.0,78.0,15.0,18.0,20.0,4.0,0.0,0.0
OSASUNA,ALAVÉS,0-1,0-0,3.3,5.5,7.1,38,62,4.0,4.0,10.0,2.0,3.0,26.0,68.0,20.0,23.0,18.0,5.0,0.0,0.0,7.0,3.0,12.0,2.0,4.0,29.0,82.0,19.0,24.0,10.0,2.0,0.0,0.0
LAS PALMAS,EIBAR,1-0,0-0,4.7,6.9,5.4,65,35,7.0,6.0,16.0,3.0,7.0,26.0,81.0,9.0,18.0,10.0,1.0,0.0,0.0,7.0,5.0,13.0,1.0,4.0,20.0,69.0,15.0,15.0,20.0,4.0,0.0,0.0
REAL MADRID,LEGANÉS,3-0,2-0,5.1,7.7,5.4,65,35,6.0,7.0,17.0,4.0,2.0,20.0,88.0,11.0,9.0,7.0,3.0,0.0,0.0,1.0,3.0,7.0,3.0,2.0,18.0,76.0,4.0,9.0,20.0,5.0,0.0,0.0
ESPANYOL,ATHLETIC,0-0,0-0,1.7,6.6,6.4,52,48,2.0,3.0,5.0,0.0,5.0,20.0,76.0,10.0,13.0,13.0,1.0,0.0,0.0,3.0,0.0,4.0,1.0,3.0,26.0,75.0,22.0,21.0,11.0,2.0,0.0,0.0
CELTA,VALENCIA,2-1,1-1,5.2,6.3,5.8,54,46,0.0,4.0,7.0,3.0,4.0,17.0,76.0,22.0,25.0,19.0,6.0,0.0,0.0,7.0,4.0,14.0,3.0,3.0,27.0,69.0,13.0,13.0,15.0,1.0,0.0,0.0
VILLARREAL,REAL BETIS,2-0,1-0,4.6,7.3,5.7,49,51,3.0,7.0,15.0,5.0,10.0,22.0,79.0,16.0,8.0,16.0,0.0,0.0,0.0,4.0,3.0,7.0,0.0,1.0,23.0,79.0,10.0,25.0,12.0,2.0,0.0,0.0
SEVILLA FC,BARCELONA,1-2,1-1,6.1,5.4,7.1,48,52,7.0,4.0,16.0,5.0,3.0,21.0,82.0,4.0,10.0,18.0,4.0,0.0,0.0,5.0,7.0,14.0,2.0,5.0,13.0,85.0,4.0,22.0,12.0,6.0,0.0,0.0
REAL BETIS,LAS PALMAS,2-0,2-0,3.7,6.7,6.1,33,67,1.0,3.0,10.0,6.0,4.0,28.0,73.0,12.0,18.0,22.0,0.0,0.0,0.0,5.0,3.0,9.0,1.0,5.0,25.0,84.0,10.0,10.0,10.0,1.0,0.0,0.0
DEPORTIVO,SEVILLA FC,2-3,2-1,8.3,5.6,7.5,27,73,1.0,3.0,4.0,0.0,3.0,20.0,68.0,13.0,45.0,15.0,3.0,0.0,0.0,4.0,7.0,20.0,9.0,14.0,24.0,86.0,8.0,17.0,12.0,2.0,0.0,0.0
BARCELONA,MÁLAGA,0-0,0-0,3.8,6.9,5.6,81,19,14.0,8.0,29.0,7.0,14.0,30.0,88.0,11.0,3.0,13.0,0.0,0.0,0.0,3.0,1.0,4.0,0.0,1.0,10.0,49.0,21.0,57.0,12.0,2.0,0.0,2.0
EIBAR,CELTA,1-0,1-0,4.2,6.8,5.3,41,59,3.0,6.0,12.0,3.0,7.0,28.0,67.0,17.0,15.0,11.0,2.0,0.0,0.0,1.0,2.0,6.0,3.0,0.0,24.0,78.0,15.0,22.0,13.0,6.0,0.0,2.0
ATLETICO MADRID,REAL MADRID,0-3,0-1,6.0,5.1,8.1,47,53,6.0,5.0,16.0,5.0,8.0,25.0,84.0,9.0,20.0,21.0,4.0,0.0,0.0,4.0,7.0,12.0,1.0,6.0,16.0,85.0,19.0,31.0,14.0,2.0,0.0,0.0
ALAVÉS,ESPANYOL,0-1,0-0,4.1,5.6,6.3,55,45,6.0,4.0,10.0,0.0,2.0,14.0,83.0,15.0,25.0,20.0,5.0,0.0,0.0,4.0,3.0,10.0,3.0,5.0,20.0,77.0,14.0,13.0,14.0,2.0,0.0,0.0
VALENCIA,GRANADA,1-1,0-1,4.9,7.1,6.3,65,35,5.0,7.0,15.0,3.0,11.0,19.0,87.0,15.0,5.0,7.0,2.0,0.0,0.0,2.0,5.0,9.0,2.0,2.0,21.0,73.0,10.0,35.0,18.0,5.0,0.0,0.0
GIJÓN,REAL SOCIEDAD,1-3,1-1,5.8,5.0,8.0,39,61,2.0,1.0,4.0,1.0,3.0,23.0,74.0,10.0,15.0,17.0,2.0,0.0,0.0,6.0,9.0,20.0,5.0,5.0,19.0,85.0,22.0,21.0,9.0,1.0,0.0,0.0
ATHLETIC,VILLARREAL,1-0,0-0,3.5,7.1,5.9,51,49,5.0,5.0,12.0,2.0,6.0,20.0,77.0,16.0,16.0,13.0,0.0,0.0,0.0,2.0,2.0,6.0,2.0,5.0,26.0,78.0,10.0,27.0,17.0,2.0,0.0,0.0
LEGANÉS,OSASUNA,2-0,1-0,3.9,7.2,5.6,55,45,5.0,5.0,15.0,5.0,3.0,32.0,77.0,31.0,22.0,13.0,2.0,0.0,0.0,2.0,2.0,5.0,1.0,2.0,26.0,68.0,20.0,29.0,17.0,3.0,0.0,0.0
EIBAR,REAL BETIS,3-1,2-0,6.6,7.2,4.8,62,38,5.0,9.0,16.0,2.0,5.0,27.0,80.0,26.0,11.0,11.0,0.0,0.0,0.0,4.0,2.0,7.0,1.0,1.0,30.0,62.0,17.0,17.0,7.0,1.0,0.0,1.0
MÁLAGA,DEPORTIVO,4-3,2-1,9.5,6.0,6.0,37,63,4.0,4.0,10.0,2.0,2.0,14.0,69.0,17.0,20.0,15.0,3.0,0.0,0.0,9.0,8.0,24.0,7.0,5.0,29.0,83.0,13.0,12.0,13.0,1.0,0.0,0.0
REAL MADRID,GIJÓN,2-1,2-1,5.9,6.5,4.9,53,47,6.0,7.0,19.0,6.0,5.0,22.0,86.0,10.0,15.0,9.0,1.0,0.0,0.0,3.0,3.0,9.0,3.0,6.0,17.0,84.0,4.0,16.0,18.0,3.0,0.0,0.0
ESPANYOL,LEGANÉS,3-0,0-0,5.2,7.5,5.6,49,51,1.0,4.0,8.0,3.0,3.0,25.0,76.0,10.0,26.0,19.0,0.0,0.0,0.0,5.0,3.0,8.0,0.0,4.0,23.0,75.0,21.0,12.0,16.0,1.0,0.0,0.0
SEVILLA FC,VALENCIA,2-1,0-0,5.0,6.2,6.5,59,41,5.0,1.0,6.0,0.0,3.0,29.0,77.0,19.0,22.0,19.0,0.0,0.0,0.0,3.0,5.0,11.0,3.0,6.0,28.0,73.0,12.0,12.0,15.0,1.0,0.0,0.0
VILLARREAL,ALAVÉS,0-2,0-2,6.1,5.8,6.4,62,38,12.0,10.0,24.0,2.0,12.0,27.0,85.0,16.0,11.0,11.0,2.0,0.0,0.0,2.0,7.0,10.0,1.0,1.0,19.0,74.0,17.0,22.0,19.0,3.0,0.0,0.0
OSASUNA,ATLETICO MADRID,0-3,0-2,5.3,4.6,7.7,46,54,6.0,1.0,11.0,4.0,7.0,33.0,75.0,13.0,25.0,9.0,2.0,0.0,0.0,2.0,5.0,7.0,0.0,4.0,36.0,80.0,23.0,30.0,6.0,2.0,0.0,0.0
CELTA,GRANADA,3-1,2-0,6.6,7.4,5.5,70,30,6.0,6.0,16.0,4.0,5.0,20.0,88.0,6.0,8.0,4.0,0.0,0.0,0.0,4.0,1.0,7.0,2.0,0.0,23.0,75.0,11.0,10.0,15.0,3.0,0.0,0.0
REAL SOCIEDAD,BARCELONA,1-1,0-0,5.4,6.5,6.0,52,48,11.0,6.0,18.0,1.0,8.0,24.0,83.0,10.0,19.0,16.0,2.0,0.0,0.0,6.0,2.0,10.0,2.0,6.0,22.0,76.0,10.0,23.0,11.0,4.0,0.0,0.0
LAS PALMAS,ATHLETIC,3-1,1-0,6.4,7.2,4.7,54,46,6.0,4.0,10.0,0.0,5.0,15.0,78.0,13.0,21.0,19.0,3.0,0.0,0.0,6.0,3.0,10.0,1.0,3.0,32.0,74.0,15.0,9.0,21.0,5.0,1.0,0.0
GRANADA,SEVILLA FC,2-1,1-0,6.4,6.1,5.6,41,59,3.0,6.0,11.0,2.0,4.0,20.0,76.0,6.0,18.0,18.0,5.0,0.0,0.0,7.0,6.0,17.0,4.0,8.0,20.0,84.0,11.0,9.0,16.0,2.0,0.0,0.0
BARCELONA,REAL MADRID,1-1,0-0,5.0,6.7,6.7,55,45,4.0,3.0,11.0,4.0,5.0,20.0,85.0,5.0,25.0,19.0,4.0,0.0,0.0,6.0,5.0,14.0,3.0,7.0,24.0,84.0,10.0,14.0,16.0,2.0,0.0,0.0
LEGANÉS,VILLARREAL,0-0,0-0,2.4,6.0,6.3,47,53,3.0,4.0,11.0,4.0,2.0,26.0,68.0,22.0,17.0,21.0,6.0,0.0,0.0,3.0,3.0,9.0,3.0,4.0,26.0,75.0,13.0,24.0,16.0,3.0,0.0,0.0
ATLETICO MADRID,ESPANYOL,0-0,0-0,2.3,6.5,6.4,67,33,3.0,3.0,11.0,5.0,9.0,29.0,84.0,13.0,3.0,10.0,2.0,0.0,0.0,2.0,3.0,6.0,1.0,2.0,22.0,65.0,12.0,29.0,19.0,2.0,0.0,0.0
REAL BETIS,CELTA,3-3,1-1,9.0,6.0,7.0,40,60,4.0,5.0,16.0,7.0,4.0,17.0,77.0,15.0,8.0,22.0,5.0,1.0,0.0,3.0,6.0,13.0,4.0,3.0,17.0,82.0,8.0,13.0,14.0,1.0,0.0,0.0
ATHLETIC,EIBAR,3-1,1-0,5.8,7.1,5.3,47,53,5.0,5.0,12.0,2.0,2.0,27.0,73.0,16.0,19.0,9.0,1.0,0.0,0.0,4.0,4.0,9.0,1.0,2.0,31.0,71.0,22.0,8.0,16.0,4.0,0.0,0.0
GIJÓN,OSASUNA,3-1,1-0,6.2,7.3,5.0,56,44,4.0,5.0,9.0,0.0,2.0,31.0,75.0,22.0,20.0,17.0,3.0,0.0,0.0,10.0,2.0,15.0,3.0,5.0,26.0,69.0,24.0,14.0,13.0,1.0,0.0,0.0
ALAVÉS,LAS PALMAS,1-1,1-0,4.1,5.7,6.7,35,65,6.0,2.0,10.0,2.0,3.0,22.0,73.0,17.0,15.0,15.0,3.0,0.0,0.0,7.0,3.0,10.0,0.0,5.0,19.0,86.0,9.0,7.0,11.0,3.0,0.0,0.0
VALENCIA,MÁLAGA,2-2,2-1,7.8,5.6,7.4,39,61,0.0,3.0,8.0,5.0,2.0,16.0,65.0,9.0,44.0,16.0,5.0,0.0,0.0,9.0,6.0,19.0,4.0,13.0,28.0,78.0,15.0,6.0,7.0,1.0,0.0,0.0
DEPORTIVO,REAL SOCIEDAD,5-1,3-0,7.4,8.5,3.3,45,55,2.0,10.0,15.0,3.0,8.0,23.0,81.0,8.0,16.0,15.0,1.0,0.0,0.0,10.0,3.0,14.0,1.0,6.0,22.0,83.0,11.0,14.0,10.0,4.0,0.0,0.0
MÁLAGA,GRANADA,1-1,1-0,4.7,7.0,5.7,51,49,7.0,6.0,16.0,3.0,6.0,20.0,79.0,16.0,12.0,16.0,3.0,0.0,0.0,3.0,2.0,8.0,3.0,2.0,17.0,78.0,7.0,20.0,14.0,5.0,0.0,0.0
OSASUNA,BARCELONA,0-3,0-0,5.5,4.6,8.3,19,81,1.0,1.0,4.0,2.0,2.0,10.0,64.0,3.0,20.0,18.0,3.0,0.0,0.0,10.0,6.0,17.0,1.0,5.0,26.0,90.0,11.0,10.0,6.0,0.0,0.0,0.0
REAL SOCIEDAD,VALENCIA,3-2,2-1,8.9,6.0,5.5,64,36,6.0,6.0,15.0,3.0,8.0,29.0,81.0,12.0,13.0,17.0,4.0,0.0,0.0,1.0,3.0,9.0,5.0,4.0,18.0,70.0,6.0,18.0,20.0,5.0,1.0,0.0
LAS PALMAS,LEGANÉS,1-1,1-0,4.4,6.2,6.5,69,31,0.0,1.0,5.0,4.0,6.0,15.0,86.0,12.0,15.0,17.0,3.0,0.0,0.0,3.0,6.0,11.0,2.0,4.0,15.0,72.0,15.0,18.0,18.0,3.0,0.0,0.0
REAL MADRID,DEPORTIVO,3-2,0-0,8.4,6.5,5.8,64,36,5.0,5.0,17.0,7.0,10.0,16.0,89.0,11.0,7.0,16.0,3.0,0.0,0.0,2.0,2.0,4.0,0.0,3.0,15.0,77.0,14.0,33.0,17.0,4.0,0.0,0.0
EIBAR,ALAVÉS,0-0,0-0,2.1,6.1,6.8,63,37,2.0,1.0,8.0,5.0,7.0,36.0,77.0,19.0,14.0,14.0,1.0,0.0,0.0,0.0,3.0,3.0,0.0,2.0,28.0,66.0,28.0,34.0,7.0,1.0,0.0,0.0
CELTA,SEVILLA FC,0-3,0-0,6.3,5.2,7.4,47,53,5.0,6.0,14.0,3.0,4.0,19.0,78.0,8.0,12.0,13.0,3.0,0.0,0.0,9.0,5.0,14.0,0.0,6.0,26.0,80.0,8.0,15.0,13.0,3.0,0.0,0.0
ESPANYOL,GIJÓN,2-1,0-0,6.4,7.0,5.9,44,56,5.0,6.0,12.0,1.0,4.0,28.0,74.0,12.0,16.0,13.0,1.0,0.0,0.0,4.0,5.0,13.0,4.0,3.0,20.0,77.0,14.0,17.0,10.0,2.0,0.0,0.0
REAL BETIS,ATHLETIC,1-0,1-0,3.0,6.5,6.1,39,61,3.0,1.0,6.0,2.0,3.0,23.0,65.0,18.0,30.0,14.0,3.0,0.0,0.0,5.0,4.0,14.0,5.0,7.0,26.0,78.0,22.0,5.0,12.0,2.0,0.0,0.0
VILLARREAL,ATLETICO MADRID,3-0,2-0,5.9,8.0,5.4,54,46,4.0,5.0,9.0,0.0,2.0,22.0,79.0,22.0,33.0,13.0,3.0,0.0,0.0,3.0,3.0,13.0,7.0,7.0,33.0,73.0,15.0,14.0,13.0,3.0,0.0,0.0
ALAVÉS,REAL BETIS,1-0,0-0,3.2,6.1,6.0,49,51,7.0,3.0,12.0,2.0,6.0,31.0,79.0,13.0,19.0,20.0,6.0,0.0,0.0,1.0,3.0,6.0,2.0,4.0,19.0,77.0,18.0,21.0,6.0,1.0,0.0,0.0
GIJÓN,VILLARREAL,1-3,0-2,6.9,5.5,7.2,50,50,8.0,7.0,16.0,1.0,12.0,22.0,78.0,12.0,5.0,16.0,2.0,0.0,0.0,2.0,9.0,14.0,3.0,2.0,15.0,80.0,12.0,32.0,14.0,1.0,0.0,0.0
ATLETICO MADRID,LAS PALMAS,1-0,0-0,3.9,6.2,5.9,31,69,9.0,3.0,16.0,4.0,8.0,20.0,69.0,15.0,13.0,15.0,2.0,0.0,0.0,6.0,3.0,11.0,2.0,5.0,23.0,85.0,4.0,14.0,11.0,1.0,0.0,0.0
GRANADA,REAL SOCIEDAD,0-2,0-0,4.7,5.6,7.3,37,63,4.0,4.0,10.0,2.0,5.0,25.0,74.0,7.0,14.0,9.0,0.0,0.0,0.0,4.0,6.0,18.0,8.0,9.0,21.0,87.0,14.0,12.0,11.0,1.0,0.0,0.0
SEVILLA FC,MÁLAGA,4-1,4-0,5.9,7.0,5.0,59,41,3.0,5.0,9.0,1.0,3.0,30.0,84.0,9.0,14.0,17.0,3.0,1.0,0.0,7.0,3.0,16.0,6.0,6.0,10.0,77.0,8.0,12.0,12.0,3.0,0.0,0.0
LEGANÉS,EIBAR,1-1,1-0,4.1,5.7,6.5,38,62,4.0,2.0,8.0,2.0,3.0,23.0,60.0,22.0,36.0,10.0,2.0,0.0,1.0,7.0,4.0,15.0,4.0,6.0,32.0,76.0,19.0,21.0,10.0,2.0,0.0,0.0
DEPORTIVO,OSASUNA,2-0,2-0,4.1,7.5,5.3,65,35,3.0,4.0,8.0,1.0,5.0,30.0,88.0,20.0,9.0,8.0,1.0,0.0,0.0,6.0,3.0,13.0,4.0,1.0,18.0,76.0,9.0,21.0,16.0,3.0,0.0,0.0
BARCELONA,ESPANYOL,4-1,1-0,5.7,8.1,5.2,67,33,5.0,7.0,14.0,2.0,5.0,21.0,88.0,10.0,10.0,11.0,0.0,0.0,0.0,3.0,1.0,4.0,0.0,2.0,13.0,72.0,7.0,26.0,16.0,3.0,0.0,0.0
ATHLETIC,CELTA,2-1,0-0,7.3,6.6,5.1,52,48,6.0,7.0,18.0,5.0,9.0,27.0,71.0,25.0,19.0,16.0,4.0,0.0,0.0,5.0,4.0,10.0,1.0,7.0,23.0,67.0,21.0,26.0,13.0,3.0,1.0,0.0
VALENCIA,REAL MADRID,2-1,2-1,6.2,6.8,5.8,28,72,2.0,5.0,8.0,1.0,3.0,19.0,71.0,19.0,61.0,13.0,5.0,0.0,0.0,8.0,5.0,22.0,9.0,11.0,27.0,90.0,13.0,19.0,18.0,2.0,0.0,0.0
ESPANYOL,DEPORTIVO,1-1,0-0,5.3,6.1,6.5,48,52,8.0,4.0,14.0,2.0,2.0,18.0,78.0,21.0,30.0,13.0,1.0,0.0,0.0,5.0,3.0,13.0,5.0,8.0,23.0,80.0,23.0,26.0,14.0,2.0,1.0,0.0
REAL MADRID,GRANADA,5-0,4-0,6.4,10.0,3.6,61,39,6.0,13.0,23.0,4.0,9.0,22.0,91.0,4.0,7.0,11.0,1.0,0.0,0.0,2.0,1.0,3.0,0.0,1.0,22.0,85.0,5.0,28.0,11.0,4.0,0.0,0.0
EIBAR,ATLETICO MADRID,0-2,0-0,3.7,5.5,7.1,55,45,4.0,2.0,13.0,7.0,5.0,28.0,73.0,24.0,25.0,11.0,2.0,0.0,0.0,2.0,4.0,8.0,2.0,3.0,27.0,67.0,29.0,44.0,10.0,2.0,0.0,0.0
LAS PALMAS,GIJÓN,1-0,0-0,4.3,7.3,5.7,66,34,6.0,10.0,16.0,0.0,8.0,31.0,84.0,16.0,17.0,8.0,2.0,0.0,0.0,5.0,2.0,10.0,3.0,3.0,16.0,70.0,12.0,25.0,18.0,3.0,0.0,0.0
REAL SOCIEDAD,SEVILLA FC,0-4,0-2,6.1,4.7,8.7,54,46,4.0,5.0,11.0,2.0,7.0,25.0,78.0,17.0,13.0,15.0,2.0,0.0,0.0,1.0,10.0,11.0,0.0,4.0,35.0,76.0,14.0,22.0,18.0,3.0,0.0,0.0
ATHLETIC,ALAVÉS,0-0,0-0,3.0,6.5,5.9,60,40,5.0,4.0,15.0,6.0,13.0,30.0,78.0,29.0,19.0,10.0,2.0,0.0,0.0,6.0,4.0,11.0,1.0,4.0,20.0,67.0,26.0,37.0,13.0,4.0,0.0,0.0
REAL BETIS,LEGANÉS,2-0,0-0,4.2,6.8,5.4,52,48,8.0,3.0,16.0,5.0,4.0,21.0,71.0,22.0,13.0,10.0,2.0,0.0,0.0,3.0,3.0,9.0,3.0,2.0,22.0,71.0,24.0,18.0,20.0,6.0,0.0,0.0
CELTA,MÁLAGA,3-1,1-0,6.1,6.4,5.7,50,50,1.0,3.0,6.0,2.0,2.0,30.0,78.0,16.0,20.0,17.0,1.0,0.0,0.0,8.0,4.0,12.0,1.0,7.0,18.0,77.0,18.0,9.0,15.0,4.0,0.0,0.0
VILLARREAL,BARCELONA,1-1,0-0,5.8,5.7,6.7,30,70,1.0,3.0,6.0,2.0,2.0,15.0,75.0,7.0,30.0,16.0,2.0,1.0,0.0,7.0,7.0,20.0,6.0,4.0,18.0,88.0,8.0,6.0,13.0,2.0,0.0,0.0
OSASUNA,VALENCIA,3-3,1-2,8.7,6.1,6.3,48,52,11.0,4.0,22.0,7.0,7.0,27.0,72.0,18.0,20.0,19.0,2.0,0.0,0.0,3.0,3.0,7.0,1.0,3.0,30.0,74.0,19.0,27.0,13.0,5.0,0.0,0.0
LEGANÉS,ATHLETIC,0-0,0-0,2.8,6.0,6.1,43,57,7.0,5.0,15.0,3.0,4.0,22.0,66.0,19.0,30.0,20.0,3.0,0.0,0.0,4.0,2.0,10.0,4.0,8.0,29.0,68.0,16.0,23.0,11.0,3.0,0.0,0.0
BARCELONA,LAS PALMAS,5-0,1-0,6.1,8.7,4.0,60,40,9.0,10.0,22.0,3.0,5.0,21.0,88.0,5.0,5.0,15.0,3.0,0.0,0.0,5.0,1.0,7.0,1.0,1.0,12.0,81.0,3.0,14.0,11.0,4.0,0.0,0.0
ATLETICO MADRID,REAL BETIS,1-0,1-0,3.4,6.7,6.0,52,48,3.0,3.0,6.0,0.0,9.0,30.0,76.0,13.0,18.0,15.0,0.0,0.0,0.0,3.0,6.0,10.0,1.0,2.0,26.0,76.0,17.0,29.0,17.0,3.0,0.0,0.0
DEPORTIVO,VILLARREAL,0-0,0-0,2.6,7.3,5.7,47,53,7.0,3.0,13.0,3.0,10.0,28.0,83.0,14.0,11.0,14.0,0.0,0.0,0.0,2.0,1.0,4.0,1.0,0.0,19.0,84.0,14.0,29.0,8.0,1.0,0.0,0.0
VALENCIA,ESPANYOL,2-1,1-0,5.7,6.5,5.7,55,45,4.0,5.0,10.0,1.0,6.0,21.0,84.0,4.0,13.0,17.0,5.0,0.0,0.0,3.0,3.0,6.0,0.0,3.0,27.0,76.0,9.0,18.0,13.0,0.0,0.0,0.0
CELTA,ALAVÉS,1-0,0-0,4.0,6.8,5.5,61,39,6.0,4.0,13.0,3.0,7.0,25.0,78.0,13.0,15.0,19.0,4.0,0.0,0.0,5.0,1.0,9.0,3.0,4.0,21.0,70.0,25.0,29.0,10.0,4.0,1.0,0.0
GIJÓN,EIBAR,2-3,1-3,7.8,5.0,6.9,53,47,4.0,4.0,10.0,2.0,2.0,21.0,72.0,25.0,19.0,14.0,4.0,0.0,0.0,8.0,8.0,19.0,3.0,4.0,30.0,63.0,19.0,18.0,16.0,1.0,0.0,0.0
GRANADA,OSASUNA,1-1,0-1,5.1,5.6,5.8,58,42,5.0,5.0,10.0,1.0,3.0,35.0,72.0,16.0,17.0,13.0,3.0,1.0,1.0,8.0,4.0,15.0,3.0,5.0,30.0,60.0,19.0,32.0,25.0,4.0,0.0,0.0
SEVILLA FC,REAL MADRID,2-1,0-0,6.1,7.0,5.6,58,42,4.0,4.0,9.0,1.0,6.0,20.0,83.0,13.0,9.0,13.0,3.0,0.0,0.0,5.0,3.0,10.0,2.0,1.0,22.0,81.0,14.0,26.0,10.0,1.0,0.0,0.0
MÁLAGA,REAL SOCIEDAD,0-2,0-0,3.8,5.3,7.1,40,60,3.0,1.0,5.0,1.0,7.0,17.0,75.0,12.0,21.0,22.0,0.0,0.0,0.0,5.0,5.0,11.0,1.0,8.0,23.0,85.0,11.0,29.0,12.0,2.0,0.0,0.0
LAS PALMAS,DEPORTIVO,1-1,1-0,4.0,6.2,6.7,54,46,5.0,3.0,9.0,1.0,4.0,34.0,84.0,11.0,17.0,13.0,1.0,1.0,0.0,5.0,1.0,7.0,1.0,5.0,18.0,81.0,13.0,16.0,8.0,1.0,0.0,0.0
ESPANYOL,GRANADA,3-1,2-1,6.1,7.3,5.1,56,44,6.0,8.0,16.0,2.0,10.0,16.0,79.0,13.0,17.0,19.0,0.0,0.0,0.0,1.0,4.0,6.0,1.0,5.0,21.0,76.0,18.0,22.0,17.0,3.0,0.0,0.0
REAL MADRID,MÁLAGA,2-1,2-0,6.7,6.5,5.9,58,42,5.0,7.0,14.0,2.0,5.0,21.0,86.0,15.0,13.0,7.0,2.0,0.0,0.0,3.0,6.0,10.0,1.0,4.0,28.0,79.0,7.0,12.0,20.0,3.0,0.0,0.0
ALAVÉS,LEGANÉS,2-2,1-1,6.5,6.1,6.4,55,45,3.0,3.0,8.0,2.0,4.0,24.0,75.0,25.0,14.0,9.0,3.0,0.0,0.0,6.0,4.0,13.0,3.0,3.0,23.0,69.0,25.0,19.0,20.0,3.0,0.0,0.0
VILLARREAL,VALENCIA,0-2,0-2,4.9,5.6,7.2,60,40,10.0,5.0,20.0,5.0,7.0,28.0,83.0,17.0,12.0,14.0,2.0,0.0,0.0,5.0,5.0,13.0,3.0,2.0,14.0,75.0,19.0,28.0,17.0,2.0,0.0,0.0
OSASUNA,SEVILLA FC,3-4,1-1,10.0,4.9,6.8,40,60,4.0,7.0,14.0,3.0,3.0,40.0,56.0,23.0,33.0,14.0,5.0,0.0,0.0,3.0,9.0,13.0,1.0,6.0,26.0,73.0,21.0,33.0,8.0,3.0,0.0,0.0
ATHLETIC,ATLETICO MADRID,2-2,1-1,7.3,6.3,6.5,57,43,2.0,5.0,8.0,1.0,2.0,18.0,79.0,21.0,13.0,12.0,2.0,0.0,0.0,4.0,5.0,11.0,2.0,6.0,22.0,73.0,21.0,28.0,9.0,3.0,0.0,0.0
REAL SOCIEDAD,CELTA,1-0,0-0,3.8,6.5,5.9,59,41,9.0,6.0,17.0,2.0,4.0,24.0,78.0,12.0,6.0,13.0,2.0,0.0,0.0,4.0,5.0,11.0,2.0,3.0,19.0,71.0,18.0,15.0,12.0,2.0,0.0,0.0
REAL BETIS,GIJÓN,0-0,0-0,2.8,6.3,6.6,53,47,6.0,4.0,16.0,6.0,9.0,40.0,71.0,15.0,16.0,14.0,2.0,0.0,0.0,4.0,1.0,7.0,2.0,5.0,28.0,69.0,15.0,34.0,20.0,2.0,0.0,0.0
EIBAR,BARCELONA,0-4,0-1,6.7,5.0,7.8,38,62,6.0,6.0,14.0,2.0,8.0,21.0,71.0,7.0,15.0,12.0,3.0,0.0,0.0,5.0,7.0,14.0,2.0,5.0,22.0,81.0,7.0,20.0,4.0,1.0,0.0,0.0
OSASUNA,MÁLAGA,1-1,0-0,4.8,5.4,6.7,46,54,7.0,2.0,14.0,5.0,4.0,43.0,61.0,29.0,21.0,9.0,1.0,0.0,0.0,6.0,5.0,14.0,3.0,6.0,31.0,68.0,25.0,25.0,16.0,0.0,0.0,0.0
VILLARREAL,GRANADA,2-0,1-0,4.8,6.9,5.5,69,31,9.0,6.0,18.0,3.0,7.0,19.0,87.0,7.0,19.0,11.0,3.0,0.0,0.0,4.0,0.0,7.0,3.0,4.0,14.0,67.0,12.0,24.0,18.0,2.0,0.0,0.0
ALAVÉS,ATLETICO MADRID,0-0,0-0,2.9,6.4,6.3,60,40,12.0,4.0,19.0,3.0,7.0,30.0,79.0,24.0,13.0,19.0,3.0,0.0,0.0,4.0,2.0,8.0,2.0,2.0,25.0,71.0,21.0,27.0,18.0,2.0,0.0,0.0
EIBAR,DEPORTIVO,3-1,2-1,6.2,6.3,5.7,43,57,4.0,6.0,12.0,2.0,9.0,35.0,64.0,19.0,32.0,14.0,0.0,0.0,0.0,7.0,7.0,20.0,6.0,10.0,30.0,70.0,20.0,28.0,7.0,2.0,0.0,0.0
LEGANÉS,CELTA,0-2,0-1,2.9,5.3,6.7,52,48,4.0,0.0,6.0,2.0,8.0,33.0,61.0,20.0,11.0,20.0,1.0,0.0,0.0,0.0,3.0,3.0,0.0,0.0,24.0,60.0,22.0,43.0,14.0,1.0,0.0,0.0
REAL BETIS,BARCELONA,1-1,0-0,6.0,7.0,6.0,34,66,8.0,7.0,17.0,2.0,8.0,17.0,74.0,10.0,29.0,17.0,2.0,0.0,0.0,3.0,4.0,10.0,3.0,2.0,16.0,83.0,4.0,12.0,12.0,3.0,0.0,0.0
ESPANYOL,SEVILLA FC,3-1,2-1,6.9,7.1,4.9,42,58,5.0,8.0,16.0,3.0,7.0,12.0,79.0,13.0,11.0,18.0,2.0,0.0,0.0,3.0,5.0,12.0,4.0,4.0,22.0,85.0,13.0,16.0,14.0,2.0,0.0,1.0
ATHLETIC,GIJÓN,2-1,0-1,5.1,6.0,5.3,65,35,3.0,6.0,11.0,2.0,5.0,23.0,82.0,14.0,7.0,11.0,4.0,0.0,0.0,2.0,3.0,5.0,0.0,0.0,27.0,63.0,13.0,29.0,22.0,3.0,0.0,0.0
REAL MADRID,REAL SOCIEDAD,3-0,1-0,5.1,7.7,5.5,43,57,2.0,4.0,7.0,1.0,0.0,22.0,78.0,9.0,20.0,15.0,2.0,0.0,0.0,2.0,3.0,9.0,4.0,3.0,22.0,88.0,5.0,12.0,12.0,2.0,1.0,0.0
LAS PALMAS,VALENCIA,3-1,1-1,5.9,7.5,4.6,63,37,3.0,4.0,9.0,2.0,6.0,16.0,86.0,11.0,9.0,17.0,1.0,0.0,0.0,3.0,3.0,8.0,2.0,3.0,12.0,77.0,9.0,12.0,13.0,4.0,1.0,0.0
MÁLAGA,ESPANYOL,0-1,0-1,3.5,6.9,6.0,58,42,9.0,6.0,20.0,5.0,17.0,22.0,77.0,20.0,18.0,9.0,1.0,0.0,0.0,1.0,3.0,4.0,0.0,2.0,24.0,67.0,19.0,48.0,18.0,4.0,0.0,0.0
BARCELONA,ATHLETIC,3-0,2-0,5.8,7.0,6.0,54,46,7.0,6.0,16.0,3.0,7.0,23.0,81.0,8.0,18.0,11.0,1.0,0.0,0.0,5.0,6.0,11.0,0.0,2.0,12.0,83.0,6.0,9.0,18.0,3.0,0.0,0.0
ATLETICO MADRID,LEGANÉS,2-0,1-0,4.7,7.1,5.8,60,40,5.0,4.0,12.0,3.0,3.0,22.0,84.0,11.0,19.0,10.0,1.0,0.0,0.0,7.0,2.0,15.0,6.0,6.0,21.0,74.0,7.0,19.0,15.0,1.0,0.0,0.0
VALENCIA,EIBAR,0-4,0-2,5.0,4.4,8.8,49,51,5.0,1.0,8.0,2.0,2.0,24.0,76.0,16.0,14.0,12.0,2.0,0.0,1.0,3.0,7.0,11.0,1.0,6.0,30.0,80.0,15.0,12.0,10.0,1.0,0.0,0.0
SEVILLA FC,VILLARREAL,0-0,0-0,3.1,6.1,6.3,66,34,4.0,4.0,14.0,6.0,9.0,28.0,85.0,10.0,3.0,14.0,2.0,0.0,0.0,5.0,4.0,11.0,2.0,0.0,14.0,74.0,9.0,34.0,16.0,2.0,0.0,0.0
GIJÓN,ALAVÉS,2-4,0-1,8.3,4.5,6.8,63,37,5.0,4.0,12.0,3.0,8.0,15.0,72.0,14.0,12.0,20.0,7.0,0.0,0.0,3.0,7.0,14.0,4.0,4.0,16.0,63.0,22.0,38.0,20.0,3.0,0.0,0.0
REAL SOCIEDAD,OSASUNA,3-2,0-1,7.8,7.0,5.9,58,42,4.0,6.0,13.0,3.0,3.0,28.0,73.0,12.0,13.0,6.0,2.0,0.0,0.0,4.0,5.0,11.0,2.0,2.0,34.0,68.0,8.0,23.0,22.0,2.0,0.0,0.0
GRANADA,LAS PALMAS,1-0,1-0,3.6,6.0,5.9,27,73,3.0,4.0,12.0,5.0,6.0,15.0,59.0,10.0,26.0,27.0,5.0,0.0,0.0,9.0,5.0,15.0,1.0,5.0,25.0,83.0,16.0,21.0,9.0,3.0,0.0,0.0
DEPORTIVO,REAL BETIS,1-1,0-0,4.9,6.2,5.4,55,45,7.0,5.0,15.0,3.0,6.0,29.0,78.0,19.0,23.0,22.0,4.0,0.0,0.0,2.0,3.0,5.0,0.0,4.0,22.0,76.0,20.0,32.0,17.0,7.0,0.0,0.0
CELTA,REAL MADRID,1-4,0-1,7.4,4.7,8.0,52,48,6.0,6.0,17.0,5.0,4.0,11.0,89.0,4.0,17.0,17.0,5.0,1.0,0.0,1.0,8.0,13.0,4.0,6.0,13.0,85.0,4.0,12.0,9.0,2.0,0.0,0.0
ESPANYOL,REAL SOCIEDAD,1-2,1-1,5.4,5.7,6.9,38,62,3.0,2.0,7.0,2.0,5.0,15.0,71.0,14.0,24.0,15.0,3.0,0.0,0.0,6.0,5.0,15.0,4.0,6.0,16.0,86.0,15.0,14.0,14.0,2.0,0.0,0.0
REAL BETIS,VALENCIA,0-0,0-0,3.0,6.1,6.7,45,55,8.0,2.0,16.0,6.0,4.0,28.0,76.0,13.0,27.0,15.0,4.0,0.0,0.0,1.0,4.0,8.0,3.0,6.0,19.0,81.0,19.0,20.0,17.0,3.0,0.0,0.0
ALAVÉS,BARCELONA,0-6,0-2,6.5,3.8,9.1,30,70,4.0,4.0,9.0,1.0,3.0,11.0,78.0,4.0,28.0,16.0,1.0,0.0,0.0,5.0,9.0,21.0,7.0,9.0,17.0,89.0,7.0,11.0,9.0,3.0,0.0,0.0
ATHLETIC,DEPORTIVO,2-1,0-1,5.7,6.6,6.0,51,49,4.0,5.0,13.0,4.0,3.0,28.0,76.0,29.0,10.0,12.0,1.0,0.0,0.0,5.0,3.0,8.0,0.0,2.0,27.0,76.0,20.0,26.0,11.0,2.0,0.0,0.0
OSASUNA,REAL MADRID,1-3,1-1,6.5,5.7,7.6,34,66,2.0,8.0,11.0,1.0,3.0,29.0,68.0,16.0,22.0,10.0,3.0,0.0,0.0,6.0,6.0,12.0,0.0,2.0,19.0,85.0,22.0,15.0,8.0,2.0,0.0,0.0
VILLARREAL,MÁLAGA,1-1,0-1,5.0,6.0,6.9,56,44,6.0,5.0,12.0,1.0,9.0,18.0,82.0,17.0,25.0,14.0,0.0,0.0,1.0,3.0,5.0,11.0,3.0,9.0,17.0,77.0,21.0,32.0,12.0,5.0,0.0,0.0
LEGANÉS,GIJÓN,0-2,0-0,3.9,4.8,6.7,57,43,3.0,3.0,9.0,3.0,4.0,30.0,65.0,27.0,16.0,16.0,3.0,0.0,0.0,0.0,2.0,4.0,2.0,3.0,26.0,52.0,34.0,33.0,17.0,6.0,0.0,1.0
LAS PALMAS,SEVILLA FC,0-1,0-0,3.9,6.4,6.4,56,44,6.0,7.0,15.0,2.0,1.0,26.0,84.0,7.0,13.0,16.0,2.0,0.0,0.0,5.0,3.0,12.0,4.0,4.0,19.0,81.0,11.0,16.0,16.0,4.0,0.0,0.0
ATLETICO MADRID,CELTA,3-2,1-1,9.3,6.1,6.0,46,54,7.0,5.0,16.0,4.0,3.0,31.0,72.0,26.0,13.0,11.0,1.0,0.0,0.0,6.0,6.0,14.0,2.0,3.0,24.0,74.0,16.0,25.0,13.0,2.0,0.0,0.0
EIBAR,GRANADA,4-0,2-0,6.2,8.1,4.1,54,46,12.0,9.0,25.0,4.0,7.0,20.0,73.0,28.0,31.0,11.0,2.0,0.0,0.0,3.0,3.0,13.0,7.0,8.0,40.0,65.0,21.0,29.0,14.0,2.0,0.0,0.0
GRANADA,REAL BETIS,4-1,3-0,6.2,7.5,4.7,44,56,1.0,8.0,10.0,1.0,4.0,16.0,74.0,14.0,23.0,18.0,4.0,0.0,1.0,2.0,2.0,6.0,2.0,7.0,27.0,78.0,11.0,17.0,9.0,1.0,0.0,1.0
GIJÓN,ATLETICO MADRID,1-4,0-0,6.6,5.1,8.2,55,45,5.0,2.0,15.0,8.0,12.0,19.0,81.0,14.0,22.0,13.0,1.0,0.0,0.0,3.0,6.0,11.0,2.0,3.0,18.0,80.0,15.0,33.0,10.0,1.0,0.0,0.0
REAL MADRID,ESPANYOL,2-0,1-0,4.1,7.4,5.3,68,32,8.0,3.0,13.0,2.0,13.0,27.0,88.0,11.0,7.0,12.0,3.0,0.0,0.0,2.0,1.0,3.0,0.0,2.0,13.0,75.0,13.0,31.0,13.0,4.0,0.0,0.0
DEPORTIVO,ALAVÉS,0-1,0-0,4.1,5.4,6.6,59,41,7.0,4.0,16.0,5.0,10.0,25.0,83.0,20.0,17.0,13.0,5.0,0.0,0.0,2.0,4.0,6.0,0.0,6.0,21.0,75.0,18.0,46.0,13.0,3.0,0.0,0.0
SEVILLA FC,EIBAR,2-0,1-0,4.3,6.9,5.5,56,44,5.0,5.0,11.0,1.0,5.0,33.0,72.0,34.0,28.0,13.0,2.0,0.0,0.0,6.0,3.0,11.0,2.0,2.0,18.0,67.0,23.0,9.0,11.0,3.0,0.0,0.0
REAL SOCIEDAD,VILLARREAL,0-1,0-0,3.7,5.9,6.5,64,36,9.0,0.0,16.0,7.0,7.0,27.0,85.0,19.0,8.0,8.0,2.0,0.0,0.0,4.0,3.0,7.0,0.0,4.0,14.0,66.0,19.0,20.0,19.0,4.0,0.0,0.0
VALENCIA,ATHLETIC,2-0,2-0,4.4,6.8,6.1,57,43,7.0,5.0,15.0,3.0,3.0,22.0,83.0,9.0,18.0,18.0,0.0,0.0,0.0,4.0,5.0,15.0,6.0,1.0,27.0,77.0,11.0,19.0,11.0,1.0,0.0,0.0
CELTA,OSASUNA,3-0,1-0,5.3,7.6,5.1,60,40,7.0,4.0,11.0,0.0,3.0,23.0,77.0,20.0,14.0,14.0,1.0,0.0,0.0,4.0,3.0,8.0,1.0,5.0,18.0,65.0,35.0,25.0,18.0,0.0,0.0,0.0
BARCELONA,LEGANÉS,2-1,1-0,6.2,6.9,6.1,71,29,4.0,6.0,13.0,3.0,4.0,17.0,89.0,16.0,18.0,8.0,1.0,0.0,0.0,3.0,6.0,11.0,2.0,4.0,14.0,72.0,7.0,26.0,18.0,3.0,0.0,0.0
MÁLAGA,LAS PALMAS,2-1,2-1,6.1,6.7,5.5,38,62,5.0,6.0,13.0,2.0,2.0,14.0,74.0,23.0,19.0,23.0,4.0,1.0,0.0,4.0,4.0,14.0,6.0,6.0,21.0,82.0,10.0,17.0,14.0,4.0,0.0,0.0
LAS PALMAS,REAL SOCIEDAD,0-1,0-0,3.6,6.3,6.2,61,39,6.0,7.0,18.0,5.0,6.0,22.0,85.0,13.0,9.0,14.0,2.0,0.0,0.0,4.0,2.0,9.0,3.0,1.0,13.0,77.0,11.0,23.0,19.0,2.0,0.0,0.0
ALAVÉS,VALENCIA,2-1,0-0,6.0,7.1,5.6,44,56,6.0,5.0,13.0,2.0,2.0,20.0,81.0,20.0,6.0,13.0,4.0,0.0,0.0,3.0,2.0,5.0,0.0,1.0,18.0,84.0,12.0,19.0,16.0,3.0,1.0,0.0
REAL BETIS,SEVILLA FC,1-2,1-0,5.6,5.6,6.8,44,56,8.0,4.0,14.0,2.0,4.0,29.0,69.0,17.0,20.0,19.0,3.0,0.0,0.0,7.0,4.0,13.0,2.0,4.0,34.0,76.0,29.0,34.0,17.0,3.0,0.0,0.0
LEGANÉS,DEPORTIVO,4-0,2-0,5.8,7.5,4.5,52,48,1.0,5.0,7.0,1.0,2.0,28.0,72.0,20.0,16.0,18.0,2.0,0.0,0.0,7.0,3.0,11.0,1.0,7.0,23.0,70.0,39.0,26.0,13.0,5.0,0.0,1.0
EIBAR,MÁLAGA,3-0,1-0,4.4,7.3,4.6,58,42,3.0,4.0,8.0,1.0,2.0,38.0,73.0,35.0,10.0,11.0,2.0,0.0,0.0,2.0,2.0,4.0,0.0,2.0,37.0,61.0,20.0,23.0,18.0,5.0,1.0,0.0
ESPANYOL,OSASUNA,3-0,1-0,5.8,8.1,4.6,68,32,6.0,6.0,19.0,7.0,10.0,13.0,88.0,16.0,7.0,11.0,1.0,0.0,0.0,2.0,1.0,4.0,1.0,2.0,10.0,70.0,19.0,33.0,10.0,4.0,0.0,1.0
ATLETICO MADRID,BARCELONA,1-2,0-0,6.4,5.8,6.7,37,63,5.0,4.0,13.0,4.0,6.0,15.0,67.0,21.0,25.0,28.0,4.0,0.0,0.0,4.0,6.0,15.0,5.0,5.0,22.0,79.0,16.0,26.0,14.0,2.0,0.0,0.0
ATHLETIC,GRANADA,3-1,2-1,5.6,7.0,4.9,55,45,4.0,7.0,14.0,3.0,0.0,29.0,73.0,25.0,27.0,14.0,1.0,0.0,0.0,4.0,2.0,7.0,1.0,3.0,34.0,66.0,32.0,15.0,16.0,5.0,0.0,0.0
GIJÓN,CELTA,1-1,0-0,6.4,6.5,5.7,36,64,7.0,6.0,20.0,7.0,7.0,15.0,74.0,17.0,28.0,9.0,2.0,0.0,1.0,5.0,6.0,16.0,5.0,5.0,15.0,83.0,16.0,32.0,17.0,4.0,0.0,0.0
VILLARREAL,REAL MADRID,2-3,0-0,8.7,5.2,7.1,50,50,5.0,4.0,11.0,2.0,5.0,14.0,84.0,13.0,22.0,15.0,4.0,0.0,0.0,11.0,6.0,25.0,8.0,5.0,8.0,87.0,30.0,14.0,6.0,2.0,0.0,0.0
REAL SOCIEDAD,EIBAR,2-2,1-1,8.1,6.0,5.5,56,44,5.0,7.0,14.0,2.0,3.0,20.0,80.0,16.0,22.0,12.0,4.0,1.0,0.0,4.0,4.0,12.0,4.0,5.0,17.0,72.0,6.0,14.0,20.0,5.0,1.0,0.0
VALENCIA,LEGANÉS,1-0,1-0,3.7,6.5,5.6,55,45,3.0,6.0,16.0,7.0,7.0,23.0,82.0,18.0,23.0,12.0,3.0,0.0,0.0,2.0,0.0,3.0,1.0,3.0,27.0,74.0,11.0,19.0,26.0,3.0,1.0,0.0
MÁLAGA,REAL BETIS,1-2,1-0,5.5,5.5,6.5,61,39,9.0,4.0,15.0,2.0,7.0,32.0,77.0,30.0,13.0,8.0,3.0,0.0,0.0,2.0,5.0,11.0,4.0,5.0,26.0,69.0,22.0,44.0,16.0,5.0,0.0,0.0
BARCELONA,GIJÓN,6-1,3-1,7.2,8.6,3.7,74,26,7.0,10.0,25.0,8.0,10.0,25.0,89.0,10.0,7.0,14.0,1.0,0.0,0.0,2.0,2.0,5.0,1.0,3.0,5.0,67.0,6.0,29.0,12.0,3.0,0.0,0.0
OSASUNA,VILLARREAL,1-4,0-2,6.4,4.7,7.9,45,55,7.0,3.0,17.0,7.0,8.0,29.0,72.0,16.0,11.0,10.0,3.0,0.0,0.0,5.0,6.0,12.0,1.0,2.0,17.0,78.0,15.0,44.0,13.0,3.0,0.0,0.0
REAL MADRID,LAS PALMAS,3-3,1-1,10.0,5.3,7.2,43,57,10.0,7.0,20.0,3.0,7.0,20.0,88.0,14.0,11.0,15.0,5.0,0.0,1.0,5.0,8.0,17.0,4.0,4.0,10.0,89.0,4.0,24.0,16.0,3.0,0.0,0.0
GRANADA,ALAVÉS,2-1,1-0,6.7,6.6,4.9,44,56,6.0,6.0,13.0,1.0,4.0,25.0,73.0,18.0,19.0,19.0,6.0,0.0,0.0,6.0,5.0,11.0,0.0,4.0,25.0,79.0,12.0,25.0,15.0,6.0,1.0,1.0
CELTA,ESPANYOL,2-2,2-2,6.7,6.0,6.3,51,49,3.0,4.0,8.0,1.0,1.0,19.0,82.0,12.0,25.0,16.0,3.0,1.0,0.0,2.0,2.0,8.0,4.0,2.0,16.0,79.0,21.0,20.0,8.0,2.0,0.0,0.0
DEPORTIVO,ATLETICO MADRID,1-1,1-0,4.7,6.4,6.3,45,55,6.0,2.0,12.0,4.0,7.0,21.0,78.0,14.0,23.0,14.0,3.0,0.0,0.0,3.0,4.0,11.0,4.0,2.0,28.0,81.0,20.0,28.0,10.0,1.0,0.0,0.0
SEVILLA FC,ATHLETIC,1-0,1-0,4.4,5.9,6.3,47,53,4.0,4.0,14.0,6.0,6.0,33.0,75.0,16.0,31.0,16.0,6.0,0.0,0.0,9.0,4.0,14.0,1.0,9.0,24.0,77.0,21.0,25.0,11.0,2.0,0.0,0.0
REAL BETIS,REAL SOCIEDAD,2-3,1-2,8.0,5.6,7.2,46,54,5.0,5.0,12.0,2.0,7.0,17.0,77.0,5.0,14.0,18.0,4.0,0.0,0.0,2.0,6.0,9.0,1.0,6.0,15.0,81.0,20.0,21.0,15.0,2.0,0.0,0.0
LEGANÉS,GRANADA,1-0,0-0,3.0,6.5,5.2,61,39,7.0,4.0,16.0,5.0,7.0,21.0,72.0,29.0,34.0,17.0,3.0,0.0,0.0,0.0,1.0,1.0,0.0,4.0,28.0,59.0,29.0,35.0,19.0,2.0,0.0,0.0
EIBAR,REAL MADRID,1-4,0-3,5.8,5.2,8.0,49,51,6.0,2.0,13.0,5.0,4.0,24.0,72.0,19.0,12.0,13.0,1.0,0.0,0.0,5.0,7.0,12.0,1.0,4.0,27.0,75.0,28.0,31.0,14.0,2.0,0.0,0.0
VILLARREAL,ESPANYOL,2-0,1-0,4.5,7.4,5.6,51,49,2.0,6.0,11.0,3.0,1.0,19.0,85.0,12.0,10.0,13.0,2.0,0.0,0.0,6.0,2.0,8.0,0.0,1.0,17.0,84.0,13.0,15.0,18.0,2.0,0.0,0.0
BARCELONA,CELTA,5-0,2-0,6.4,8.9,4.4,64,36,7.0,9.0,19.0,3.0,10.0,14.0,85.0,11.0,6.0,10.0,1.0,0.0,0.0,4.0,2.0,7.0,1.0,1.0,17.0,75.0,12.0,20.0,16.0,3.0,0.0,0.0
GIJÓN,DEPORTIVO,0-1,0-1,3.2,5.5,6.2,50,50,5.0,2.0,9.0,2.0,6.0,29.0,77.0,14.0,18.0,10.0,4.0,0.0,0.0,3.0,3.0,7.0,1.0,4.0,20.0,79.0,17.0,50.0,13.0,5.0,0.0,0.0
ATLETICO MADRID,VALENCIA,3-0,1-0,5.3,8.1,4.9,43,57,7.0,8.0,18.0,3.0,6.0,25.0,81.0,6.0,11.0,17.0,1.0,0.0,0.0,4.0,1.0,6.0,1.0,2.0,17.0,85.0,18.0,17.0,10.0,2.0,0.0,0.0
LAS PALMAS,OSASUNA,5-2,1-2,8.5,8.2,4.2,73,27,6.0,8.0,16.0,2.0,5.0,19.0,89.0,13.0,5.0,7.0,4.0,0.0,0.0,5.0,4.0,10.0,1.0,1.0,17.0,71.0,9.0,16.0,21.0,4.0,0.0,0.0
ATHLETIC,MÁLAGA,1-0,0-0,3.1,6.3,5.7,59,41,8.0,3.0,15.0,4.0,8.0,31.0,75.0,40.0,20.0,13.0,3.0,0.0,0.0,6.0,2.0,8.0,0.0,2.0,21.0,69.0,31.0,44.0,18.0,5.0,0.0,0.0
ALAVÉS,SEVILLA FC,1-1,0-1,4.3,6.5,6.3,45,55,9.0,4.0,18.0,5.0,2.0,25.0,77.0,13.0,23.0,12.0,2.0,0.0,0.0,7.0,1.0,8.0,0.0,2.0,28.0,80.0,11.0,25.0,16.0,5.0,0.0,0.0
ESPANYOL,LAS PALMAS,4-3,2-1,9.1,6.7,5.5,32,68,5.0,6.0,12.0,1.0,2.0,16.0,79.0,10.0,14.0,18.0,2.0,0.0,0.0,5.0,5.0,14.0,4.0,5.0,20.0,88.0,13.0,15.0,12.0,4.0,0.0,0.0
VALENCIA,GIJÓN,1-1,0-0,5.7,5.9,6.5,59,41,9.0,8.0,20.0,3.0,7.0,18.0,80.0,24.0,28.0,15.0,3.0,0.0,0.0,3.0,4.0,10.0,3.0,8.0,24.0,67.0,14.0,25.0,20.0,5.0,0.0,0.0
SEVILLA FC,LEGANÉS,1-1,1-1,4.1,6.0,6.5,63,37,5.0,4.0,12.0,3.0,4.0,19.0,78.0,18.0,27.0,20.0,2.0,0.0,0.0,7.0,4.0,12.0,1.0,1.0,18.0,67.0,27.0,23.0,20.0,3.0,0.0,0.0
MÁLAGA,ALAVÉS,1-2,0-1,6.3,6.3,5.5,58,42,6.0,9.0,15.0,0.0,5.0,32.0,79.0,22.0,14.0,17.0,2.0,0.0,0.0,2.0,2.0,4.0,0.0,3.0,21.0,70.0,24.0,31.0,13.0,2.0,1.0,0.0
GRANADA,ATLETICO MADRID,0-1,0-0,4.1,5.3,7.1,50,50,6.0,2.0,12.0,4.0,4.0,20.0,76.0,11.0,17.0,14.0,4.0,1.0,0.0,6.0,6.0,15.0,3.0,9.0,23.0,73.0,24.0,26.0,15.0,3.0,0.0,0.0
REAL SOCIEDAD,ATHLETIC,0-2,0-1,5.1,4.8,6.7,61,39,7.0,4.0,16.0,5.0,8.0,39.0,74.0,24.0,27.0,15.0,3.0,0.0,0.0,3.0,5.0,9.0,1.0,3.0,21.0,62.0,22.0,32.0,22.0,6.0,0.0,0.0
DEPORTIVO,BARCELONA,2-1,1-0,6.8,7.9,5.0,29,71,2.0,9.0,14.0,3.0,4.0,14.0,73.0,10.0,44.0,7.0,2.0,0.0,0.0,5.0,5.0,16.0,6.0,8.0,22.0,87.0,14.0,12.0,8.0,0.0,0.0,0.0
CELTA,VILLARREAL,0-1,0-1,3.2,5.6,7.0,60,40,5.0,1.0,12.0,6.0,3.0,16.0,87.0,24.0,14.0,8.0,4.0,0.0,0.0,2.0,4.0,8.0,2.0,3.0,25.0,80.0,21.0,25.0,11.0,5.0,0.0,0.0
REAL MADRID,REAL BETIS,2-1,1-1,5.8,6.9,5.7,70,30,9.0,4.0,14.0,1.0,8.0,23.0,85.0,17.0,15.0,8.0,1.0,0.0,0.0,4.0,4.0,9.0,1.0,4.0,16.0,70.0,14.0,32.0,21.0,1.0,1.0,0.0
OSASUNA,EIBAR,1-1,0-0,4.7,5.7,6.2,43,57,3.0,6.0,10.0,1.0,6.0,29.0,62.0,17.0,26.0,15.0,4.0,0.0,0.0,4.0,7.0,14.0,3.0,6.0,19.0,73.0,26.0,33.0,14.0,4.0,0.0,0.0
LAS PALMAS,VILLARREAL,1-0,1-0,4.7,7.8,4.6,62,38,5.0,10.0,19.0,4.0,8.0,13.0,90.0,6.0,22.0,14.0,3.0,0.0,0.0,3.0,3.0,8.0,2.0,5.0,15.0,81.0,12.0,21.0,14.0,2.0,0.0,1.0
EIBAR,ESPANYOL,1-1,1-0,3.7,6.5,6.0,59,41,8.0,4.0,17.0,5.0,6.0,35.0,74.0,35.0,13.0,12.0,2.0,0.0,0.0,3.0,1.0,4.0,0.0,2.0,24.0,53.0,22.0,31.0,13.0,4.0,0.0,0.0
ATHLETIC,REAL MADRID,1-2,0-1,5.6,6.0,6.8,52,48,3.0,5.0,12.0,4.0,5.0,26.0,80.0,17.0,10.0,17.0,1.0,0.0,0.0,3.0,4.0,9.0,2.0,5.0,17.0,80.0,13.0,34.0,13.0,4.0,0.0,0.0
ALAVÉS,REAL SOCIEDAD,1-0,1-0,4.0,6.8,5.7,42,58,3.0,5.0,10.0,2.0,5.0,19.0,77.0,25.0,34.0,14.0,3.0,0.0,0.0,3.0,2.0,11.0,6.0,8.0,26.0,83.0,13.0,16.0,13.0,4.0,1.0,0.0
REAL BETIS,OSASUNA,2-0,2-0,4.5,6.8,5.6,54,46,3.0,5.0,11.0,3.0,5.0,19.0,82.0,10.0,18.0,12.0,0.0,0.0,0.0,3.0,5.0,13.0,5.0,0.0,22.0,76.0,15.0,19.0,15.0,3.0,0.0,0.0
LEGANÉS,MÁLAGA,0-0,0-0,2.6,5.7,6.7,49,51,8.0,2.0,13.0,3.0,6.0,27.0,76.0,17.0,27.0,11.0,4.0,0.0,0.0,6.0,1.0,8.0,1.0,7.0,26.0,75.0,24.0,32.0,16.0,2.0,0.0,0.0
ATLETICO MADRID,SEVILLA FC,3-1,1-0,6.1,7.2,5.0,39,61,3.0,8.0,15.0,4.0,2.0,20.0,75.0,13.0,20.0,16.0,4.0,0.0,0.0,3.0,2.0,9.0,4.0,2.0,32.0,83.0,17.0,30.0,14.0,3.0,0.0,0.0
DEPORTIVO,CELTA,0-1,0-0,2.6,5.9,6.3,47,53,6.0,2.0,9.0,1.0,3.0,29.0,73.0,26.0,23.0,21.0,4.0,0.0,0.0,3.0,2.0,9.0,4.0,1.0,26.0,76.0,27.0,34.0,12.0,4.0,0.0,0.0
GIJÓN,GRANADA,3-1,0-0,7.1,7.7,4.6,43,57,3.0,11.0,15.0,1.0,6.0,26.0,69.0,12.0,32.0,11.0,2.0,0.0,0.0,4.0,5.0,12.0,3.0,3.0,27.0,79.0,21.0,21.0,14.0,3.0,0.0,0.0
BARCELONA,VALENCIA,4-2,2-2,9.8,7.7,4.7,72,28,10.0,12.0,28.0,6.0,6.0,30.0,88.0,11.0,8.0,4.0,3.0,0.0,0.0,1.0,5.0,6.0,0.0,3.0,17.0,66.0,4.0,31.0,12.0,4.0,0.0,1.0
ESPANYOL,REAL BETIS,2-1,0-0,5.9,6.1,5.7,49,51,1.0,5.0,8.0,2.0,4.0,19.0,74.0,19.0,18.0,16.0,2.0,0.0,0.0,4.0,3.0,10.0,3.0,4.0,30.0,72.0,22.0,15.0,14.0,1.0,0.0,0.0
VILLARREAL,EIBAR,2-3,1-0,8.7,5.6,6.3,61,39,5.0,7.0,15.0,3.0,11.0,37.0,75.0,13.0,10.0,9.0,4.0,0.0,0.0,6.0,4.0,14.0,4.0,5.0,21.0,65.0,18.0,28.0,10.0,3.0,0.0,0.0
OSASUNA,ATHLETIC,1-2,0-2,5.7,5.5,6.5,50,50,0.0,6.0,8.0,2.0,6.0,30.0,74.0,15.0,25.0,19.0,4.0,0.0,0.0,3.0,4.0,9.0,2.0,3.0,24.0,74.0,29.0,30.0,9.0,2.0,0.0,0.0
REAL SOCIEDAD,LEGANÉS,1-1,0-1,4.3,6.3,6.1,70,30,7.0,5.0,15.0,3.0,7.0,24.0,84.0,9.0,7.0,10.0,2.0,0.0,0.0,2.0,3.0,6.0,1.0,0.0,22.0,64.0,17.0,34.0,16.0,3.0,0.0,0.0
MÁLAGA,ATLETICO MADRID,0-2,0-1,4.6,5.9,6.6,63,37,11.0,5.0,21.0,5.0,6.0,26.0,82.0,19.0,12.0,9.0,2.0,0.0,0.0,1.0,6.0,7.0,0.0,0.0,22.0,69.0,25.0,23.0,11.0,2.0,0.0,0.0
SEVILLA FC,GIJÓN,0-0,0-0,2.9,6.0,6.4,70,30,6.0,6.0,18.0,6.0,9.0,30.0,84.0,16.0,13.0,17.0,3.0,0.0,0.0,3.0,2.0,8.0,3.0,5.0,18.0,63.0,18.0,54.0,13.0,4.0,0.0,0.0
REAL MADRID,ALAVÉS,3-0,1-0,6.2,7.6,5.0,63,37,9.0,6.0,18.0,3.0,3.0,23.0,86.0,15.0,21.0,12.0,0.0,0.0,0.0,8.0,3.0,12.0,1.0,3.0,21.0,72.0,21.0,20.0,16.0,2.0,0.0,0.0
VALENCIA,DEPORTIVO,3-0,2-0,6.4,7.2,5.1,46,54,3.0,8.0,14.0,3.0,3.0,18.0,84.0,16.0,28.0,17.0,3.0,0.0,0.0,6.0,5.0,13.0,2.0,6.0,22.0,86.0,13.0,17.0,13.0,1.0,0.0,0.0
GRANADA,BARCELONA,1-4,0-1,8.3,4.5,8.4,33,67,1.0,5.0,7.0,1.0,1.0,18.0,73.0,6.0,14.0,15.0,2.0,1.0,0.0,10.0,13.0,26.0,3.0,9.0,28.0,87.0,5.0,17.0,10.0,3.0,0.0,0.0
CELTA,LAS PALMAS,3-1,2-0,7.0,6.9,5.8,39,61,4.0,7.0,13.0,2.0,4.0,20.0,75.0,9.0,9.0,15.0,3.0,0.0,0.0,6.0,5.0,12.0,1.0,6.0,12.0,86.0,11.0,16.0,10.0,3.0,0.0,0.0
ATHLETIC,ESPANYOL,2-0,2-0,4.2,7.2,5.3,61,39,7.0,5.0,13.0,1.0,5.0,29.0,84.0,25.0,14.0,19.0,1.0,0.0,0.0,3.0,2.0,5.0,0.0,1.0,24.0,70.0,18.0,12.0,16.0,3.0,0.0,0.0
ATLETICO MADRID,REAL SOCIEDAD,1-0,1-0,4.2,7.5,5.4,39,61,9.0,8.0,20.0,3.0,6.0,27.0,76.0,13.0,22.0,18.0,0.0,0.0,0.0,6.0,1.0,10.0,3.0,4.0,18.0,85.0,8.0,15.0,13.0,4.0,0.0,0.0
REAL BETIS,VILLARREAL,0-1,0-0,3.9,5.8,6.7,52,48,9.0,3.0,16.0,4.0,5.0,35.0,79.0,25.0,14.0,12.0,2.0,0.0,0.0,3.0,2.0,6.0,1.0,2.0,20.0,79.0,8.0,22.0,15.0,2.0,0.0,0.0
BARCELONA,SEVILLA FC,3-0,3-0,5.7,7.4,5.0,56,44,5.0,7.0,15.0,3.0,4.0,21.0,86.0,7.0,12.0,16.0,4.0,0.0,0.0,4.0,3.0,7.0,0.0,4.0,14.0,81.0,2.0,9.0,13.0,2.0,1.0,0.0
DEPORTIVO,GRANADA,0-0,0-0,2.5,6.5,5.6,54,46,8.0,3.0,12.0,1.0,6.0,35.0,74.0,26.0,17.0,14.0,1.0,0.0,0.0,4.0,2.0,10.0,4.0,3.0,38.0,68.0,8.0,23.0,10.0,4.0,0.0,0.0
GIJÓN,MÁLAGA,0-1,0-1,3.4,5.9,6.7,51,49,4.0,5.0,14.0,5.0,7.0,29.0,77.0,20.0,19.0,12.0,2.0,0.0,0.0,6.0,3.0,11.0,2.0,1.0,20.0,75.0,22.0,32.0,18.0,5.0,0.0,0.0
ALAVÉS,OSASUNA,0-1,0-0,4.2,5.4,7.0,65,35,8.0,3.0,15.0,4.0,5.0,29.0,86.0,10.0,21.0,20.0,5.0,0.0,0.0,1.0,6.0,7.0,0.0,1.0,21.0,69.0,16.0,29.0,12.0,1.0,0.0,0.0
LEGANÉS,REAL MADRID,2-4,2-3,8.2,5.2,7.6,38,62,9.0,3.0,14.0,2.0,4.0,21.0,76.0,9.0,22.0,14.0,2.0,0.0,0.0,5.0,8.0,18.0,5.0,4.0,18.0,86.0,17.0,20.0,16.0,1.0,0.0,0.0
EIBAR,LAS PALMAS,3-1,2-0,5.7,6.6,5.0,46,54,2.0,6.0,11.0,3.0,9.0,20.0,72.0,22.0,8.0,14.0,2.0,0.0,0.0,1.0,6.0,9.0,2.0,2.0,15.0,77.0,13.0,18.0,12.0,5.0,0.0,0.0
VALENCIA,CELTA,3-2,1-1,8.8,6.8,5.3,47,53,4.0,10.0,15.0,1.0,6.0,26.0,76.0,16.0,14.0,16.0,1.0,0.0,0.0,8.0,3.0,12.0,1.0,2.0,18.0,77.0,23.0,16.0,9.0,1.0,0.0,0.0
VILLARREAL,ATHLETIC,3-1,1-1,6.7,6.5,5.5,48,52,3.0,5.0,10.0,2.0,4.0,8.0,80.0,13.0,34.0,16.0,6.0,0.0,1.0,4.0,5.0,11.0,2.0,5.0,22.0,78.0,21.0,13.0,16.0,3.0,0.0,0.0
ESPANYOL,ALAVÉS,1-0,0-0,3.2,6.4,5.6,47,53,5.0,6.0,15.0,4.0,5.0,28.0,75.0,15.0,24.0,11.0,3.0,0.0,0.0,7.0,0.0,9.0,2.0,3.0,17.0,78.0,24.0,25.0,12.0,3.0,0.0,0.0
REAL MADRID,ATLETICO MADRID,1-1,0-0,4.9,6.8,6.8,61,39,5.0,6.0,20.0,9.0,6.0,27.0,85.0,11.0,15.0,12.0,2.0,0.0,0.0,3.0,4.0,10.0,3.0,2.0,19.0,77.0,16.0,23.0,13.0,3.0,0.0,0.0
SEVILLA FC,DEPORTIVO,4-2,3-2,9.1,7.4,5.1,58,42,5.0,13.0,19.0,1.0,4.0,20.0,81.0,13.0,14.0,19.0,3.0,0.0,0.0,5.0,4.0,9.0,0.0,2.0,21.0,72.0,13.0,19.0,15.0,3.0,0.0,0.0
MÁLAGA,BARCELONA,2-0,1-0,5.1,7.6,4.8,33,67,3.0,4.0,8.0,1.0,2.0,5.0,68.0,9.0,19.0,26.0,4.0,0.0,0.0,6.0,3.0,11.0,2.0,3.0,23.0,85.0,11.0,3.0,20.0,4.0,1.0,0.0
GRANADA,VALENCIA,1-3,0-2,6.8,5.3,7.4,48,52,11.0,5.0,21.0,5.0,5.0,18.0,85.0,8.0,11.0,9.0,2.0,0.0,0.0,8.0,8.0,17.0,1.0,2.0,13.0,86.0,9.0,36.0,13.0,2.0,0.0,0.0
CELTA,EIBAR,0-2,0-1,4.6,5.4,7.2,62,38,6.0,3.0,12.0,3.0,0.0,21.0,80.0,13.0,29.0,10.0,1.0,0.0,0.0,4.0,6.0,11.0,1.0,3.0,32.0,68.0,14.0,24.0,16.0,3.0,0.0,0.0
OSASUNA,LEGANÉS,2-1,1-1,5.9,6.8,5.3,43,57,4.0,6.0,11.0,1.0,4.0,22.0,67.0,26.0,38.0,14.0,3.0,0.0,0.0,9.0,2.0,17.0,6.0,8.0,44.0,71.0,29.0,19.0,14.0,4.0,0.0,0.0
LAS PALMAS,REAL BETIS,4-1,1-0,6.7,8.2,4.3,54,46,2.0,6.0,9.0,1.0,2.0,17.0,84.0,18.0,17.0,16.0,3.0,0.0,0.0,1.0,5.0,13.0,7.0,6.0,22.0,80.0,19.0,4.0,18.0,4.0,0.0,0.0
REAL SOCIEDAD,GIJÓN,3-1,2-0,6.6,7.0,5.0,62,38,8.0,7.0,21.0,6.0,7.0,20.0,81.0,17.0,16.0,20.0,1.0,0.0,0.0,3.0,3.0,10.0,4.0,4.0,22.0,72.0,8.0,25.0,19.0,5.0,0.0,0.0
ATHLETIC,LAS PALMAS,5-1,3-1,6.0,8.3,4.5,44,56,7.0,7.0,18.0,4.0,14.0,11.0,79.0,14.0,8.0,22.0,1.0,0.0,0.0,5.0,3.0,8.0,1.0,5.0,13.0,84.0,12.0,27.0,10.0,2.0,0.0,0.0
DEPORTIVO,MÁLAGA,2-0,0-0,4.1,6.8,5.5,41,59,3.0,4.0,10.0,3.0,1.0,24.0,70.0,22.0,23.0,15.0,3.0,0.0,0.0,6.0,3.0,11.0,2.0,4.0,27.0,83.0,19.0,30.0,17.0,4.0,0.0,0.0
GIJÓN,REAL MADRID,2-3,1-1,7.7,5.7,7.1,31,69,2.0,2.0,4.0,0.0,4.0,23.0,73.0,4.0,38.0,17.0,5.0,0.0,0.0,7.0,6.0,18.0,5.0,8.0,19.0,89.0,12.0,13.0,11.0,1.0,0.0,0.0
ATLETICO MADRID,OSASUNA,3-0,1-0,5.0,7.4,4.5,55,45,7.0,8.0,19.0,4.0,5.0,25.0,86.0,20.0,13.0,11.0,1.0,0.0,0.0,0.0,0.0,3.0,3.0,2.0,13.0,80.0,11.0,16.0,14.0,5.0,0.0,0.0
BARCELONA,REAL SOCIEDAD,3-2,3-2,8.7,6.4,5.9,53,47,4.0,9.0,16.0,3.0,5.0,17.0,84.0,13.0,20.0,15.0,3.0,0.0,0.0,4.0,7.0,14.0,3.0,4.0,15.0,83.0,11.0,15.0,17.0,2.0,0.0,0.0
LEGANÉS,ESPANYOL,0-1,0-0,3.7,6.3,6.5,47,53,5.0,5.0,13.0,3.0,5.0,23.0,72.0,26.0,27.0,20.0,1.0,0.0,0.0,4.0,2.0,7.0,1.0,1.0,26.0,75.0,21.0,33.0,14.0,1.0,0.0,0.0
VALENCIA,SEVILLA FC,0-0,0-0,2.6,6.4,6.4,42,58,9.0,3.0,13.0,1.0,4.0,20.0,78.0,15.0,11.0,19.0,3.0,0.0,0.0,7.0,2.0,10.0,1.0,2.0,19.0,83.0,20.0,18.0,20.0,2.0,0.0,0.0
REAL BETIS,EIBAR,2-0,1-0,4.3,6.4,5.3,41,59,2.0,4.0,6.0,0.0,4.0,21.0,63.0,20.0,40.0,15.0,4.0,0.0,0.0,6.0,3.0,10.0,1.0,6.0,34.0,76.0,22.0,22.0,19.0,4.0,0.0,0.0
GRANADA,CELTA,0-3,0-1,5.8,5.2,7.4,38,62,8.0,4.0,16.0,4.0,8.0,22.0,75.0,21.0,16.0,17.0,5.0,0.0,0.0,8.0,3.0,15.0,4.0,1.0,24.0,84.0,10.0,20.0,9.0,2.0,0.0,0.0
ALAVÉS,VILLARREAL,2-1,2-0,5.9,6.4,5.9,47,53,4.0,5.0,11.0,2.0,5.0,24.0,80.0,17.0,25.0,8.0,2.0,0.0,0.0,4.0,5.0,11.0,2.0,11.0,21.0,82.0,12.0,20.0,13.0,4.0,0.0,0.0
SEVILLA FC,GRANADA,2-0,1-0,6.1,8.0,5.2,64,36,10.0,12.0,28.0,6.0,7.0,17.0,91.0,9.0,7.0,18.0,1.0,0.0,0.0,5.0,2.0,9.0,2.0,2.0,10.0,87.0,2.0,12.0,11.0,2.0,0.0,0.0
MÁLAGA,VALENCIA,2-0,2-0,4.5,7.4,5.3,52,48,5.0,4.0,10.0,1.0,7.0,11.0,83.0,7.0,17.0,16.0,3.0,0.0,0.0,7.0,2.0,13.0,4.0,6.0,16.0,82.0,6.0,26.0,13.0,3.0,0.0,0.0
VILLARREAL,LEGANÉS,2-1,0-0,6.4,6.6,5.7,60,40,5.0,5.0,11.0,1.0,3.0,27.0,84.0,21.0,29.0,9.0,1.0,0.0,0.0,1.0,4.0,8.0,3.0,8.0,17.0,76.0,15.0,14.0,19.0,3.0,0.0,0.0
OSASUNA,GIJÓN,2-2,1-0,6.8,5.3,6.9,41,59,5.0,1.0,7.0,1.0,1.0,27.0,67.0,28.0,40.0,25.0,3.0,0.0,0.0,4.0,4.0,12.0,4.0,5.0,25.0,76.0,21.0,13.0,10.0,4.0,0.0,0.0
ESPANYOL,ATLETICO MADRID,0-1,0-0,3.1,5.8,7.0,50,50,6.0,2.0,10.0,2.0,5.0,27.0,77.0,15.0,22.0,13.0,3.0,0.0,0.0,5.0,3.0,13.0,5.0,3.0,26.0,76.0,23.0,19.0,10.0,2.0,0.0,0.0
REAL SOCIEDAD,DEPORTIVO,1-0,1-0,3.3,6.6,5.5,55,45,8.0,3.0,17.0,6.0,11.0,29.0,79.0,13.0,11.0,16.0,1.0,0.0,0.0,2.0,1.0,5.0,2.0,1.0,17.0,74.0,15.0,18.0,16.0,3.0,0.0,0.0
CELTA,REAL BETIS,0-1,0-0,4.0,5.7,6.6,46,54,3.0,4.0,8.0,1.0,5.0,18.0,80.0,11.0,15.0,16.0,3.0,0.0,0.0,6.0,6.0,17.0,5.0,6.0,15.0,82.0,12.0,23.0,15.0,5.0,0.0,0.0
LAS PALMAS,ALAVÉS,1-1,1-0,4.8,6.1,6.4,63,37,9.0,3.0,14.0,2.0,3.0,15.0,85.0,8.0,25.0,16.0,4.0,0.0,1.0,6.0,5.0,12.0,1.0,9.0,17.0,73.0,10.0,15.0,14.0,1.0,0.0,0.0
REAL MADRID,BARCELONA,2-3,1-1,10.0,6.1,7.0,42,58,8.0,14.0,22.0,0.0,7.0,20.0,85.0,4.0,11.0,13.0,3.0,0.0,1.0,6.0,9.0,16.0,1.0,4.0,11.0,89.0,7.0,18.0,8.0,2.0,0.0,0.0
EIBAR,ATHLETIC,0-1,0-0,3.7,5.3,6.7,46,54,1.0,2.0,7.0,4.0,5.0,32.0,66.0,14.0,20.0,15.0,4.0,0.0,1.0,5.0,3.0,9.0,1.0,5.0,28.0,70.0,21.0,34.0,9.0,2.0,0.0,0.0
GIJÓN,ESPANYOL,1-1,1-0,5.2,7.0,5.7,52,48,7.0,6.0,16.0,3.0,7.0,18.0,80.0,20.0,12.0,9.0,1.0,0.0,0.0,7.0,5.0,14.0,2.0,2.0,26.0,80.0,16.0,32.0,11.0,2.0,0.0,0.0
GRANADA,MÁLAGA,0-2,0-0,4.9,4.1,8.4,46,54,1.0,1.0,3.0,1.0,2.0,29.0,83.0,9.0,20.0,22.0,5.0,0.0,0.0,9.0,6.0,17.0,2.0,4.0,23.0,84.0,9.0,15.0,13.0,0.0,0.0,0.0
ATLETICO MADRID,VILLARREAL,0-1,0-0,4.3,6.4,6.2,51,49,8.0,9.0,23.0,6.0,5.0,30.0,80.0,16.0,8.0,15.0,2.0,0.0,0.0,2.0,2.0,6.0,2.0,1.0,14.0,76.0,20.0,42.0,16.0,6.0,0.0,0.0
BARCELONA,OSASUNA,7-1,2-0,6.7,9.5,4.0,77,23,4.0,9.0,19.0,6.0,10.0,22.0,90.0,8.0,4.0,3.0,0.0,0.0,0.0,1.0,2.0,3.0,0.0,1.0,14.0,70.0,9.0,37.0,7.0,0.0,0.0,0.0
VALENCIA,REAL SOCIEDAD,2-3,0-2,7.1,5.1,6.1,47,53,5.0,3.0,14.0,6.0,2.0,21.0,77.0,14.0,19.0,15.0,4.0,0.0,0.0,5.0,2.0,8.0,1.0,3.0,27.0,78.0,12.0,17.0,21.0,3.0,0.0,0.0
LEGANÉS,LAS PALMAS,3-0,0-0,4.7,7.0,5.1,50,50,7.0,5.0,16.0,4.0,6.0,20.0,75.0,13.0,25.0,14.0,1.0,0.0,0.0,4.0,0.0,7.0,3.0,3.0,22.0,80.0,11.0,35.0,17.0,0.0,0.0,0.0
DEPORTIVO,REAL MADRID,2-6,1-3,9.7,4.4,8.4,47,53,7.0,7.0,19.0,5.0,4.0,19.0,87.0,7.0,18.0,12.0,3.0,0.0,0.0,8.0,11.0,22.0,3.0,5.0,15.0,87.0,13.0,22.0,5.0,1.0,0.0,0.0
ALAVÉS,EIBAR,0-0,0-0,2.7,5.9,5.8,66,34,8.0,4.0,14.0,2.0,3.0,30.0,85.0,18.0,23.0,13.0,4.0,0.0,0.0,2.0,4.0,6.0,0.0,1.0,23.0,65.0,15.0,26.0,14.0,2.0,0.0,1.0
SEVILLA FC,CELTA,2-1,0-0,6.2,6.7,5.5,62,38,8.0,5.0,16.0,3.0,5.0,20.0,85.0,14.0,24.0,20.0,1.0,0.0,0.0,6.0,1.0,10.0,3.0,1.0,16.0,73.0,17.0,20.0,18.0,3.0,1.0,0.0
ATHLETIC,REAL BETIS,2-1,0-0,6.2,7.0,5.0,52,48,4.0,9.0,17.0,4.0,11.0,18.0,76.0,20.0,19.0,10.0,1.0,0.0,0.0,4.0,3.0,9.0,2.0,1.0,20.0,75.0,15.0,21.0,17.0,3.0,0.0,0.0
VILLARREAL,GIJÓN,3-1,1-0,6.6,6.6,5.6,55,45,6.0,6.0,19.0,7.0,4.0,17.0,84.0,6.0,22.0,9.0,2.0,0.0,0.0,5.0,7.0,14.0,2.0,7.0,24.0,79.0,14.0,15.0,10.0,1.0,0.0,0.0
REAL SOCIEDAD,GRANADA,2-1,1-0,5.9,6.9,5.7,53,47,4.0,5.0,13.0,4.0,7.0,25.0,84.0,13.0,14.0,14.0,0.0,0.0,0.0,1.0,4.0,6.0,1.0,1.0,19.0,79.0,10.0,27.0,16.0,3.0,0.0,0.0
REAL MADRID,VALENCIA,2-1,1-0,7.3,6.6,5.6,60,40,7.0,5.0,20.0,8.0,2.0,21.0,91.0,7.0,8.0,13.0,3.0,0.0,0.0,5.0,2.0,9.0,2.0,3.0,18.0,82.0,4.0,22.0,10.0,4.0,0.0,0.0
LAS PALMAS,ATLETICO MADRID,0-5,0-3,6.5,4.2,8.9,50,50,4.0,3.0,15.0,8.0,7.0,10.0,89.0,9.0,4.0,6.0,3.0,1.0,0.0,1.0,7.0,8.0,0.0,1.0,15.0,88.0,8.0,21.0,13.0,4.0,0.0,0.0
ESPANYOL,BARCELONA,0-3,0-0,5.6,5.2,8.0,35,65,1.0,3.0,6.0,2.0,4.0,17.0,70.0,9.0,19.0,19.0,3.0,0.0,0.0,3.0,9.0,15.0,3.0,5.0,22.0,84.0,22.0,14.0,18.0,0.0,0.0,0.0
OSASUNA,DEPORTIVO,2-2,1-1,7.8,5.8,6.4,43,57,9.0,5.0,16.0,2.0,7.0,25.0,71.0,19.0,44.0,9.0,2.0,0.0,0.0,6.0,5.0,15.0,4.0,7.0,29.0,74.0,19.0,17.0,11.0,3.0,0.0,0.0
REAL BETIS,ALAVÉS,1-4,1-0,6.0,4.8,7.6,61,39,6.0,3.0,11.0,2.0,4.0,19.0,81.0,10.0,11.0,14.0,1.0,0.0,0.0,2.0,5.0,9.0,2.0,0.0,24.0,74.0,15.0,18.0,16.0,5.0,0.0,0.0
EIBAR,LEGANÉS,2-0,0-0,4.0,6.9,5.4,48,52,3.0,5.0,9.0,1.0,2.0,24.0,69.0,32.0,33.0,12.0,1.0,0.0,0.0,7.0,1.0,12.0,4.0,11.0,27.0,68.0,19.0,12.0,9.0,1.0,0.0,0.0
CELTA,ATHLETIC,0-3,0-1,6.0,4.8,8.6,48,52,3.0,0.0,5.0,2.0,0.0,24.0,79.0,13.0,27.0,8.0,1.0,0.0,0.0,5.0,12.0,23.0,6.0,11.0,21.0,78.0,25.0,9.0,11.0,1.0,0.0,0.0
MÁLAGA,SEVILLA FC,4-2,1-1,8.0,7.3,4.5,39,61,3.0,5.0,11.0,3.0,1.0,19.0,71.0,18.0,28.0,14.0,3.0,0.0,0.0,5.0,4.0,9.0,0.0,3.0,28.0,78.0,21.0,4.0,18.0,5.0,0.0,0.0
SEVILLA FC,REAL SOCIEDAD,1-1,1-0,4.4,6.0,6.0,52,48,6.0,3.0,11.0,2.0,10.0,24.0,80.0,11.0,11.0,20.0,4.0,0.0,0.0,5.0,3.0,9.0,1.0,3.0,15.0,80.0,12.0,28.0,10.0,4.0,1.0,0.0
GIJÓN,LAS PALMAS,1-0,0-0,3.1,6.5,5.9,41,59,8.0,3.0,16.0,5.0,5.0,17.0,75.0,12.0,19.0,19.0,4.0,0.0,0.0,5.0,2.0,8.0,1.0,4.0,17.0,84.0,7.0,20.0,15.0,3.0,0.0,0.0
ATLETICO MADRID,EIBAR,1-0,0-0,3.7,6.2,5.9,56,44,5.0,5.0,14.0,4.0,6.0,38.0,77.0,10.0,30.0,6.0,4.0,1.0,0.0,2.0,3.0,8.0,3.0,5.0,28.0,72.0,16.0,31.0,10.0,3.0,0.0,0.0
BARCELONA,VILLARREAL,4-1,2-1,6.5,8.1,5.0,67,33,6.0,8.0,20.0,6.0,4.0,16.0,90.0,10.0,9.0,10.0,2.0,0.0,0.0,3.0,4.0,9.0,2.0,3.0,13.0,79.0,6.0,24.0,13.0,4.0,0.0,0.0
GRANADA,REAL MADRID,0-4,0-4,6.5,5.1,8.5,48,52,6.0,3.0,13.0,4.0,6.0,8.0,90.0,5.0,11.0,14.0,1.0,0.0,0.0,7.0,8.0,16.0,1.0,3.0,10.0,93.0,9.0,19.0,8.0,0.0,0.0,0.0
ALAVÉS,ATHLETIC,1-0,0-0,4.1,6.4,6.1,38,62,5.0,3.0,9.0,1.0,3.0,14.0,69.0,25.0,37.0,14.0,1.0,0.0,0.0,11.0,6.0,20.0,3.0,10.0,19.0,81.0,17.0,6.0,11.0,4.0,0.0,0.0
VALENCIA,OSASUNA,4-1,2-0,7.1,8.0,4.7,63,37,8.0,8.0,19.0,3.0,9.0,23.0,89.0,7.0,7.0,14.0,2.0,0.0,0.0,4.0,4.0,9.0,1.0,2.0,13.0,79.0,13.0,30.0,11.0,2.0,0.0,0.0
DEPORTIVO,ESPANYOL,1-2,0-2,6.2,6.2,6.3,60,40,12.0,5.0,21.0,4.0,12.0,23.0,86.0,17.0,13.0,10.0,1.0,0.0,0.0,6.0,3.0,9.0,0.0,4.0,16.0,80.0,15.0,47.0,14.0,2.0,0.0,0.0
MÁLAGA,CELTA,3-0,1-0,5.6,8.4,4.2,43,57,4.0,8.0,14.0,2.0,2.0,18.0,77.0,13.0,11.0,13.0,1.0,0.0,0.0,3.0,2.0,5.0,0.0,1.0,22.0,83.0,8.0,15.0,18.0,4.0,0.0,0.0
LEGANÉS,REAL BETIS,4-0,2-0,4.8,7.6,4.7,36,64,1.0,4.0,6.0,1.0,2.0,28.0,64.0,15.0,27.0,18.0,3.0,0.0,0.0,7.0,3.0,13.0,3.0,2.0,27.0,78.0,19.0,9.0,13.0,0.0,0.0,0.0
ESPANYOL,VALENCIA,0-1,0-0,3.4,5.8,6.6,49,51,8.0,3.0,16.0,5.0,7.0,18.0,81.0,19.0,19.0,19.0,0.0,0.0,0.0,5.0,3.0,9.0,1.0,2.0,20.0,79.0,8.0,26.0,14.0,4.0,0.0,0.0
OSASUNA,GRANADA,2-1,1-1,6.0,7.0,5.3,37,63,7.0,7.0,19.0,5.0,8.0,13.0,75.0,14.0,20.0,11.0,1.0,0.0,0.0,3.0,3.0,9.0,3.0,3.0,22.0,86.0,15.0,15.0,9.0,3.0,0.0,0.0
ALAVÉS,CELTA,3-1,3-0,6.1,7.2,5.6,35,65,6.0,5.0,12.0,1.0,4.0,17.0,71.0,13.0,18.0,11.0,1.0,0.0,0.0,8.0,4.0,15.0,3.0,4.0,25.0,84.0,12.0,17.0,13.0,3.0,0.0,0.0
REAL MADRID,SEVILLA FC,4-1,2-0,7.3,7.4,5.5,49,51,4.0,7.0,14.0,3.0,4.0,25.0,90.0,6.0,9.0,14.0,4.0,0.0,0.0,2.0,6.0,11.0,3.0,5.0,14.0,88.0,7.0,20.0,19.0,2.0,0.0,0.0
ATHLETIC,LEGANÉS,1-1,1-0,4.4,6.4,6.0,59,41,6.0,6.0,16.0,4.0,10.0,21.0,80.0,27.0,12.0,11.0,2.0,0.0,0.0,3.0,2.0,6.0,1.0,1.0,16.0,72.0,24.0,30.0,8.0,7.0,0.0,0.0
REAL SOCIEDAD,MÁLAGA,2-2,1-1,7.9,5.8,6.7,56,44,7.0,4.0,16.0,5.0,11.0,28.0,81.0,8.0,12.0,13.0,1.0,0.0,0.0,3.0,4.0,9.0,2.0,3.0,19.0,77.0,7.0,37.0,16.0,2.0,0.0,0.0
REAL BETIS,ATLETICO MADRID,1-1,0-0,4.7,6.8,6.3,61,39,6.0,5.0,13.0,2.0,3.0,23.0,86.0,7.0,28.0,7.0,4.0,0.0,0.0,2.0,2.0,5.0,1.0,5.0,17.0,77.0,15.0,26.0,16.0,4.0,0.0,0.0
VILLARREAL,DEPORTIVO,0-0,0-0,2.8,6.6,6.4,66,34,12.0,4.0,21.0,5.0,11.0,28.0,89.0,15.0,13.0,16.0,2.0,0.0,0.0,0.0,1.0,3.0,2.0,3.0,19.0,76.0,4.0,37.0,21.0,4.0,0.0,0.0
LAS PALMAS,BARCELONA,1-4,0-2,5.9,5.4,7.2,39,61,5.0,5.0,11.0,1.0,3.0,6.0,83.0,2.0,16.0,13.0,0.0,0.0,0.0,2.0,5.0,11.0,4.0,6.0,11.0,89.0,2.0,11.0,15.0,1.0,0.0,0.0
EIBAR,GIJÓN,0-1,0-1,3.6,5.2,7.3,59,41,7.0,2.0,10.0,1.0,5.0,34.0,74.0,34.0,25.0,9.0,2.0,0.0,0.0,5.0,4.0,11.0,2.0,6.0,24.0,61.0,22.0,36.0,10.0,2.0,0.0,0.0
GRANADA,ESPANYOL,1-2,1-2,5.6,5.7,6.6,46,54,7.0,7.0,16.0,2.0,3.0,29.0,86.0,9.0,19.0,12.0,0.0,0.0,0.0,2.0,2.0,5.0,1.0,3.0,21.0,84.0,14.0,13.0,9.0,3.0,0.0,0.0
GIJÓN,REAL BETIS,2-2,1-1,8.2,6.4,6.0,49,51,3.0,5.0,11.0,3.0,2.0,18.0,82.0,10.0,10.0,15.0,0.0,0.0,0.0,7.0,9.0,21.0,5.0,3.0,21.0,83.0,9.0,21.0,14.0,2.0,0.0,0.0
DEPORTIVO,LAS PALMAS,3-0,3-0,5.2,7.5,5.3,36,64,3.0,5.0,9.0,1.0,0.0,10.0,81.0,6.0,19.0,25.0,4.0,0.0,0.0,5.0,4.0,13.0,4.0,9.0,12.0,88.0,5.0,5.0,14.0,3.0,1.0,0.0
LEGANÉS,ALAVÉS,1-1,0-0,5.2,6.1,6.6,51,49,8.0,4.0,15.0,3.0,8.0,19.0,78.0,18.0,13.0,9.0,0.0,0.0,0.0,11.0,5.0,17.0,1.0,4.0,13.0,79.0,19.0,15.0,14.0,1.0,0.0,0.0
SEVILLA FC,OSASUNA,5-0,3-0,5.7,8.9,4.6,72,28,7.0,7.0,18.0,4.0,1.0,19.0,92.0,6.0,9.0,11.0,3.0,0.0,0.0,3.0,2.0,5.0,0.0,1.0,13.0,76.0,10.0,18.0,8.0,1.0,0.0,0.0
ATLETICO MADRID,ATHLETIC,3-1,2-0,6.1,7.5,5.8,42,58,6.0,4.0,12.0,2.0,2.0,19.0,82.0,12.0,32.0,13.0,2.0,0.0,0.0,10.0,1.0,16.0,5.0,5.0,18.0,88.0,7.0,7.0,12.0,0.0,0.0,0.0
CELTA,REAL SOCIEDAD,2-2,0-0,8.5,5.9,6.2,56,44,6.0,5.0,13.0,2.0,3.0,26.0,81.0,11.0,14.0,8.0,2.0,0.0,0.0,6.0,8.0,18.0,4.0,7.0,15.0,75.0,11.0,15.0,17.0,1.0,0.0,0.0
VALENCIA,VILLARREAL,1-3,0-1,6.8,5.4,7.3,53,47,8.0,5.0,16.0,3.0,9.0,23.0,87.0,13.0,10.0,15.0,2.0,0.0,0.0,4.0,6.0,14.0,4.0,0.0,16.0,83.0,12.0,23.0,10.0,2.0,0.0,0.0
BARCELONA,EIBAR,4-2,0-1,9.4,7.7,4.2,73,27,6.0,11.0,18.0,1.0,10.0,29.0,88.0,6.0,14.0,3.0,1.0,0.0,0.0,2.0,4.0,6.0,0.0,4.0,19.0,62.0,7.0,38.0,16.0,3.0,1.0,0.0
MÁLAGA,REAL MADRID,0-2,0-1,5.8,5.9,6.8,52,48,12.0,6.0,22.0,4.0,9.0,14.0,87.0,11.0,19.0,6.0,2.0,0.0,0.0,6.0,8.0,16.0,2.0,7.0,15.0,86.0,10.0,28.0,9.0,0.0,0.0,0.0
